Employee Name,Employee Number,MarriedID,MaritalStatusID,GenderID,EmpStatus_ID,DeptID,Perf_ScoreID,Age,Pay Rate,State,Zip,DOB,Sex,MaritalDesc,CitizenDesc,Hispanic/Latino,RaceDesc,Date of Hire,Days Employed,Date of Termination,Reason For Term,Employment Status,Department,Position,Manager Name,Employee Source,Performance Score
"Adinolfi, Wilson  K",1409070522,0,0,1,1,5,4,34,20,MA,1960,7/10/83,Male,Single,US Citizen,No,White,7/5/11,2336,,N/A - still employed,Active,Production       ,Production Technician I,Michael Albert,MBTA ads,Exceeds
"Ait Sidi, Karthikeyan   ",1307060199,1,1,1,5,3,3,43,62,MA,2148,5/5/75,Male,Married,US Citizen,No,White,3/30/15,444,6/16/16,career change,Voluntarily Terminated,IT/IS,Sr. DBA,Simon Roup,Company Intranet - Partner,Fully Meets
"Akinkuolie, Sarah",1005019209,1,1,0,5,5,0,29,29,MA,1810,9/19/88,Female,Married,US Citizen,No,White,7/5/11,447,9/24/12,hours,Voluntarily Terminated,Production       ,Production Technician II,Kissy Sullivan,Newspager/Magazine,90-day meets
"Alagbe,Trina",1011022883,1,1,0,1,5,3,29,21,MA,1886,9/27/88,Female,Married,US Citizen,No,White,1/7/08,3611,,N/A - still employed,Active,Production       ,Production Technician I,Elijiah Gray,Billboard,Fully Meets
"Albert, Michael  ",1501072311,0,2,1,1,5,3,49,54.5,MA,2169,10/10/68,Male,Divorced,US Citizen,No,White,8/1/11,2309,,N/A - still employed,Active,Production       ,Production Manager,Janet King,Employee Referral,Fully Meets
"Anderson, Carol ",1001417624,0,2,0,5,5,9,28,16,MA,2169,9/8/89,Female,Divorced,US Citizen,No,White,7/11/11,57,9/6/11,return to school,Voluntarily Terminated,Production       ,Production Technician I,Webster Butler,Word of Mouth,N/A- too early to review
"Anderson, Linda  ",1304055947,0,0,0,1,5,5,41,23,MA,1844,5/22/77,Female,Single,US Citizen,No,White,1/9/12,2148,,N/A - still employed,Active,Production       ,Production Technician I,Amy Dunn,MBTA ads,Exceptional
"Andreola, Colby",1107027358,0,0,0,1,4,3,39,47.6,MA,2110,5/24/79,Female,Single,US Citizen,No,White,11/10/14,1112,,N/A - still employed,Active,Software Engineering,Software Engineer,Alex Sweetwater,Vendor Referral,Fully Meets
"Athwal, Sam",1301052124,0,4,1,1,5,9,35,22,MA,2199,2/18/83,Male,Widowed,US Citizen,No,White,9/30/13,1518,,N/A - still employed,Active,Production       ,Production Technician I,Ketsia Liebig,Employee Referral,N/A- too early to review
"Bachiochi, Linda",1212051409,0,0,0,3,5,3,48,22,MA,1902,2/11/70,Female,Single,US Citizen,No,Two or more races,7/6/09,3065,,N/A - still employed,Leave of Absence,Production       ,Production Technician I,Brannon Miller,Diversity Job Fair,Fully Meets
"Bacong, Alejandro ",1212052023,0,2,1,1,3,0,30,45,MA,1886,1/7/88,Male,Divorced,US Citizen,No,White,1/5/15,1056,,N/A - still employed,Active,IT/IS,Network Engineer,Peter Monroe,Glassdoor,90-day meets
"Baczenski, Rachael  ",1307060083,1,1,0,5,5,9,44,17,MA,1902,1/12/74,Female,Married,US Citizen,Yes,Hispanic,1/10/11,2,1/12/11,Another position,Voluntarily Terminated,Production       ,Production Technician I,David Stanley,Diversity Job Fair,N/A- too early to review
"Barbara, Thomas",1312063507,1,1,1,5,5,0,44,22,MA,2062,2/21/74,Male,Married,US Citizen,Yes,Asian,4/2/12,170,9/19/12,unhappy,Voluntarily Terminated,Production       ,Production Technician I,Kissy Sullivan,Diversity Job Fair,90-day meets
"Barone, Francesco  A",1101023679,0,0,1,1,5,3,34,16.76,MA,1810,7/20/83,Male,Single,US Citizen,No,Two or more races,2/20/12,2106,,N/A - still employed,Active,Production       ,Production Technician I,Kelley Spirea,Social Networks - Facebook Twitter etc,Fully Meets
"Barton, Nader",1212051962,0,2,1,5,5,3,40,18,MA,2747,7/15/77,Male,Divorced,US Citizen,No,White,9/24/12,194,4/6/13,Another position,Voluntarily Terminated,Production       ,Production Technician I,Michael Albert,On-line Web application,Fully Meets
"Beak, Kimberly  ",1303054329,1,1,0,2,5,4,52,27,MA,2145,4/17/66,Female,Married,US Citizen,No,White,7/21/16,493,,N/A - Has not started yet,Future Start,Production       ,Production Technician II,Kelley Spirea,Employee Referral,Exceeds
"Beatrice, Courtney ",1403066194,0,0,0,1,5,3,47,22,MA,1915,10/27/70,Female,Single,Eligible NonCitizen,No,White,4/4/11,2428,,N/A - still employed,Active,Production       ,Production Technician I,Elijiah Gray,Search Engine - Google Bing Yahoo,Fully Meets
"Becker, Renee",1102024056,0,0,0,4,3,3,32,43,MA,2026,4/4/86,Female,Single,US Citizen,Yes,White,7/7/14,432,9/12/15,performance,Terminated for Cause,IT/IS,Database Administrator,Simon Roup,Search Engine - Google Bing Yahoo,Fully Meets
"Becker, Scott",1110029777,0,0,1,3,5,3,39,17,MA,2452,4/6/79,Male,Single,US Citizen,No,Asian,7/8/13,1602,,N/A - still employed,Leave of Absence,Production       ,Production Technician I,Webster Butler,MBTA ads,Fully Meets
"Bernstein, Sean",1109029366,0,0,1,1,5,3,47,16,MA,2072,12/22/70,Male,Single,US Citizen,Yes,White,4/2/12,2064,,N/A - still employed,Active,Production       ,Production Technician I,Amy Dunn,Word of Mouth,Fully Meets
"Biden, Lowan  M",1412071844,0,2,0,1,5,3,59,22,MA,2027,12/27/58,Female,Divorced,US Citizen,No,Asian,8/19/13,1560,,N/A - still employed,Active,Production       ,Production Technician I,Ketsia Liebig,Billboard,Fully Meets
"Billis, Helen",1308060366,1,1,0,1,5,4,28,16,MA,2031,9/1/89,Female,Married,US Citizen,No,White,7/7/14,1238,,N/A - still employed,Active,Production       ,Production Technician I,Brannon Miller,Professional Society,Exceeds
"Blount, Dianna",1403066125,0,0,0,1,5,2,27,27,MA,2171,9/21/90,Female,Single,US Citizen,No,White,4/4/11,2428,,N/A - still employed,Active,Production       ,Production Technician II,Michael Albert,Monster.com,Needs Improvement
"Bondwell, Betsy",1008021030,0,0,0,5,5,0,51,26,MA,2210,1/16/67,Female,Single,US Citizen,No,White,1/10/11,1180,4/4/14,career change,Voluntarily Terminated,Production       ,Production Technician II,Elijiah Gray,Search Engine - Google Bing Yahoo,90-day meets
"Boutwell, Bonalyn",1307060188,1,1,0,1,1,0,31,34.95,MA,2468,4/4/87,Female,Married,US Citizen,No,Asian,2/16/15,1014,,N/A - still employed,Active,Admin Offices,Sr. Accountant,Brandon R. LeBlanc,Diversity Job Fair,90-day meets
"Bozzi, Charles",1303054580,0,0,1,5,5,3,48,50.5,MA,1901,3/10/70,Male,Single,US Citizen,No,Asian,9/30/13,311,8/7/14,retiring,Voluntarily Terminated,Production       ,Production Manager,Janet King,Billboard,Fully Meets
"Bramante, Elisa",1006020066,0,0,0,1,5,4,35,60,MA,2030,3/19/83,Female,Single,US Citizen,No,Black or African American,1/5/09,3247,,N/A - still employed,Active,Production       ,Director of Operations,Janet King,Other,Exceeds
"Brill, Donna",1406068293,1,1,0,5,5,3,27,20,MA,1701,8/24/90,Female,Married,US Citizen,No,White,4/2/12,439,6/15/13,Another position,Voluntarily Terminated,Production       ,Production Technician I,David Stanley,Search Engine - Google Bing Yahoo,Fully Meets
"Brown, Mia",1103024456,1,1,0,1,1,3,30,28.5,MA,1450,11/24/87,Female,Married,US Citizen,No,Black or African American,10/27/08,3317,,N/A - still employed,Active,Admin Offices,Accountant I,Brandon R. LeBlanc,Diversity Job Fair,Fully Meets
"Buccheri, Joseph  ",1101023457,0,0,1,1,5,3,34,22,MA,1013,7/28/83,Male,Single,US Citizen,No,White,9/29/14,1154,,N/A - still employed,Active,Production       ,Production Technician II,Webster Butler,Word of Mouth,Fully Meets
"Buck, Edward",1504073313,1,1,1,1,6,3,42,55,MA,2330,7/7/75,Male,Married,US Citizen,No,White,9/29/14,1154,,N/A - still employed,Active,Sales,Area Sales Manager,Lynn Daneault,Employee Referral,Fully Meets
"Bugali, Josephine ",1408069635,0,3,0,3,5,3,48,20,MA,2043,10/30/69,Female,Separated,US Citizen,No,Black or African American,11/11/13,1476,,N/A - still employed,Leave of Absence,Production       ,Production Technician I,Kissy Sullivan,Diversity Job Fair,Fully Meets
"Bunbury, Jessica",1504073368,1,1,0,5,6,3,54,55,VA,21851,6/1/64,Female,Married,Eligible NonCitizen,No,Black or African American,8/15/11,1083,8/2/14,Another position,Voluntarily Terminated,Sales,Area Sales Manager,John Smith,Social Networks - Facebook Twitter etc,Fully Meets
"Burke, Joelle",1011022820,0,0,0,1,5,3,38,25,MA,2148,3/2/80,Female,Single,US Citizen,No,Black or African American,3/5/12,2092,,N/A - still employed,Active,Production       ,Production Technician II,Amy Dunn,Employee Referral,Fully Meets
"Burkett, Benjamin ",1301052449,1,1,1,1,5,3,40,26,MA,1890,8/19/77,Male,Married,US Citizen,No,White,4/4/11,2428,,N/A - still employed,Active,Production       ,Production Technician II,Ketsia Liebig,Careerbuilder,Fully Meets
"Butler, Webster  L",1110029990,0,0,1,1,5,4,34,55,MA,2169,8/9/83,Male,Single,US Citizen,No,White,1/28/16,668,,N/A - still employed,Active,Production       ,Production Manager,Janet King,Pay Per Click - Google,Exceeds
"Carabbio, Judith",1101023577,0,0,0,1,4,0,31,56,MA,2132,4/5/87,Female,Single,US Citizen,No,White,11/11/13,1476,,N/A - still employed,Active,Software Engineering,Software Engineer,Alex Sweetwater,Pay Per Click - Google,90-day meets
"Carey, Michael  ",1311063114,0,0,1,1,5,3,35,20,MA,1701,2/2/83,Male,Single,US Citizen,No,Black or African American,3/31/14,1336,,N/A - still employed,Active,Production       ,Production Technician I,Kelley Spirea,MBTA ads,Fully Meets
"Carr, Claudia  N",1010022337,0,0,0,2,3,9,31,61.3,MA,1886,6/6/86,Female,Single,US Citizen,No,Black or African American,6/30/16,514,,N/A - Has not started yet,Future Start,IT/IS,Sr. DBA,Simon Roup,Vendor Referral,N/A- too early to review
"Carter, Michelle ",1403065721,0,0,0,1,6,3,55,55,VT,5664,5/15/63,Female,Single,US Citizen,No,White,8/18/14,1196,,N/A - still employed,Active,Sales,Area Sales Manager,John Smith,Billboard,Fully Meets
"Chace, Beatrice ",1208048062,0,0,0,1,5,3,67,16,MA,2763,1/2/51,Female,Single,US Citizen,No,White,9/29/14,1154,,N/A - still employed,Active,Production       ,Production Technician I,Michael Albert,Search Engine - Google Bing Yahoo,Fully Meets
"Champaigne, Brian",1009919920,1,1,1,1,3,3,46,63.5,MA,2045,2/9/72,Male,Married,US Citizen,No,White,9/6/16,446,,N/A - still employed,Active,IT/IS,BI Director,Jennifer Zamora,Professional Society,Fully Meets
"Chan, Lin",1305057282,0,0,0,1,5,3,39,19.5,MA,2170,2/12/79,Female,Single,US Citizen,No,White,5/12/14,1294,,N/A - still employed,Active,Production       ,Production Technician I,Elijiah Gray,Internet Search,Fully Meets
"Chang, Donovan  E",1111030129,0,0,1,1,5,3,34,22,MA,1845,8/24/83,Male,Single,US Citizen,No,White,7/8/13,1602,,N/A - still employed,Active,Production       ,Production Technician I,Webster Butler,Newspager/Magazine,Fully Meets
"Chivukula, Enola",1101023394,0,0,0,5,5,0,34,21,MA,1775,8/27/83,Female,Single,US Citizen,No,White,6/27/11,1602,11/15/15,relocation out of area,Voluntarily Terminated,Production       ,Production Technician I,Amy Dunn,Other,90-day meets
"Cierpiszewski, Caroline  ",1012023295,0,0,0,1,5,3,30,22,MA,2044,5/31/88,Female,Single,Non-Citizen,No,Black or African American,10/3/11,2246,,N/A - still employed,Active,Production       ,Production Technician I,Ketsia Liebig,Pay Per Click - Google,Fully Meets
"Cisco, Anthony",1102024173,1,1,1,1,3,9,28,42,MA,2135,11/24/89,Male,Married,US Citizen,Yes,White,3/30/15,972,,N/A - still employed,Active,IT/IS,Network Engineer,Peter Monroe,Information Session,N/A- too early to review
"Clayton, Rick",1301052902,0,0,1,1,3,3,32,28.99,MA,2170,9/5/85,Male,Single,US Citizen,No,White,9/5/12,1908,,N/A - still employed,Active,IT/IS,IT Support,Eric Dougall,Glassdoor,Fully Meets
"Cloninger, Jennifer",1012023226,1,1,0,5,5,0,36,25,MA,1752,8/31/81,Female,Married,US Citizen,No,White,5/16/11,602,1/7/13,unhappy,Voluntarily Terminated,Production       ,Production Technician II,Brannon Miller,Word of Mouth,90-day meets
"Close, Phil",1209048697,1,1,1,5,5,3,39,26,MA,2169,11/25/78,Male,Married,US Citizen,No,White,8/30/10,392,9/26/11,career change,Voluntarily Terminated,Production       ,Production Technician II,David Stanley,Other,Fully Meets
"Clukey, Elijian",1407069280,1,1,1,2,5,4,37,24.75,MA,2134,8/26/80,Male,Married,US Citizen,No,White,7/6/16,508,,N/A - Has not started yet,Future Start,Production       ,Production Technician I,Brannon Miller,Employee Referral,Exceeds
"Cockel, James",1599991009,0,0,1,1,5,3,40,15,MA,2452,9/8/77,Male,Single,US Citizen,No,White,7/8/13,1602,,N/A - still employed,Active,Production       ,Production Technician I,David Stanley,Employee Referral,Fully Meets
"Cole, Spencer",1001450968,0,0,1,4,5,2,38,15,MA,1880,8/12/79,Male,Single,US Citizen,No,Black or African American,7/11/11,440,9/23/12,performance,Terminated for Cause,Production       ,Production Technician I,Kissy Sullivan,MBTA ads,Needs Improvement
"Cornett, Lisa ",1403066069,1,1,0,1,5,0,41,15.75,MA,2189,3/31/77,Female,Married,US Citizen,Yes,White,1/5/15,1056,,N/A - still employed,Active,Production       ,Production Technician I,Kelley Spirea,Billboard,90-day meets
"Costa, Latia",1409070567,0,0,0,1,6,4,29,55,CA,90007,11/8/88,Female,Single,US Citizen,No,White,1/10/11,2512,,N/A - still employed,Active,Sales,Area Sales Manager,Lynn Daneault,Other,Exceeds
"Crimmings,   Jean",1311063172,0,0,0,2,5,9,31,19.75,MA,1821,4/10/87,Female,Single,US Citizen,No,White,7/6/16,508,,N/A - Has not started yet,Future Start,Production       ,Production Technician I,Michael Albert,Newspager/Magazine,N/A- too early to review
"Daneault, Lynn",1402065303,0,0,0,1,6,3,28,54,VT,5473,4/19/90,Female,Single,US Citizen,No,White,5/5/14,1301,,N/A - still employed,Active,Sales,Sales Manager,Debra Houlihan,Pay Per Click - Google,Fully Meets
"Daniele, Ann  ",1411071312,1,1,0,3,3,3,66,54.1,CT,6033,1/18/52,Female,Married,US Citizen,No,White,11/10/14,1112,,N/A - still employed,Leave of Absence,IT/IS,Sr. Network Engineer,Peter Monroe,Vendor Referral,Fully Meets
"Darson, Jene'ya ",1001109612,1,1,0,1,5,3,39,15,MA,2110,11/5/78,Female,Married,US Citizen,No,White,7/2/12,1973,,N/A - still employed,Active,Production       ,Production Technician I,Elijiah Gray,Billboard,Fully Meets
"Davis, Daniel",1201031274,0,0,1,1,5,0,38,25,MA,2458,9/14/79,Male,Single,Eligible NonCitizen,No,Two or more races,11/7/11,2211,,N/A - still employed,Active,Production       ,Production Technician II,Kissy Sullivan,Newspager/Magazine,90-day meets
"DeGweck,  James",1306058816,1,1,1,5,5,3,40,23.5,MA,1810,10/31/77,Male,Married,US Citizen,No,White,5/16/11,1484,6/8/15,unhappy,Voluntarily Terminated,Production       ,Production Technician I,Webster Butler,Billboard,Fully Meets
"Del Bosque, Keyla",1203032498,0,0,0,1,4,0,38,57.12,MA,2176,7/5/79,Female,Single,US Citizen,No,Black or African American,1/9/12,2148,,N/A - still employed,Active,Software Engineering,Software Engineer,Alex Sweetwater,Monster.com,90-day meets
"Demita, Carla",1104025179,0,3,0,5,5,3,67,29,MA,2343,2/25/51,Female,Separated,US Citizen,No,Black or African American,4/4/11,1675,11/4/15,more money,Voluntarily Terminated,Production       ,Production Technician II,Kelley Spirea,Search Engine - Google Bing Yahoo,Fully Meets
"Desimone, Carl ",1501072124,1,1,1,1,5,1,51,20,MA,2061,4/19/67,Male,Married,US Citizen,No,White,7/7/14,1238,,N/A - still employed,Active,Production       ,Production Technician I,Amy Dunn,Professional Society,PIP
"Dickinson, Geoff ",706006285,0,0,1,1,5,3,35,21,MA,2180,11/15/82,Male,Single,US Citizen,No,White,5/12/14,1294,,N/A - still employed,Active,Production       ,Production Technician I,Ketsia Liebig,Pay Per Click - Google,Fully Meets
"Dietrich, Jenna  ",1408069481,0,0,0,1,6,1,31,55,WA,98052,5/14/87,Female,Single,US Citizen,Yes,White,2/20/12,2106,,N/A - still employed,Active,Sales,Area Sales Manager,John Smith,Website Banner Ads,PIP
"Digitale, Alfred",1306059197,1,1,1,1,6,3,29,56,NH,3062,9/14/88,Male,Married,US Citizen,No,American Indian or Alaska Native,8/18/14,1196,,N/A - still employed,Active,Sales,Area Sales Manager,John Smith,Pay Per Click - Google,Fully Meets
"DiNocco, Lily ",1209048696,1,1,0,1,5,2,39,22,MA,2351,12/2/78,Female,Married,US Citizen,No,Black or African American,1/7/13,1784,,N/A - still employed,Active,Production       ,Production Technician I,Brannon Miller,Pay Per Click - Google,Needs Improvement
"Dobrin, Denisa  S",1202031618,0,0,0,1,5,3,31,16.75,MA,2125,10/7/86,Female,Single,US Citizen,Yes,White,4/2/12,2064,,N/A - still employed,Active,Production       ,Production Technician I,David Stanley,Monster.com,Fully Meets
"Dolan, Linda",1101023540,1,1,0,1,3,0,29,37,MA,2119,7/18/88,Female,Married,US Citizen,No,White,1/5/15,1056,,N/A - still employed,Active,IT/IS,Network Engineer,Peter Monroe,Employee Referral,90-day meets
"Dougall, Eric",1101023754,0,0,1,1,3,4,47,64,MA,1886,7/9/70,Male,Single,US Citizen,No,White,1/5/14,1421,,N/A - still employed,Active,IT/IS,IT Manager - Support,Jennifer Zamora,Professional Society,Exceeds
"Dunn, Amy  ",1409070147,0,0,0,1,5,3,44,51,MA,1731,11/28/73,Female,Single,US Citizen,No,White,9/18/14,1165,,N/A - still employed,Active,Production       ,Production Manager,Janet King,Search Engine - Google Bing Yahoo,Fully Meets
"Eaton, Marianne",1406067865,1,1,0,5,5,3,26,17,MA,2343,9/5/91,Female,Married,US Citizen,No,White,4/4/11,794,6/6/13,military,Voluntarily Terminated,Production       ,Production Technician I,Kissy Sullivan,Search Engine - Google Bing Yahoo,Fully Meets
"Engdahl, Jean",1007020403,0,0,1,1,5,3,44,21.25,MA,2026,5/31/74,Male,Single,US Citizen,No,White,11/10/14,1112,,N/A - still employed,Active,Production       ,Production Technician I,Kelley Spirea,MBTA ads,Fully Meets
"England, Rex",1101023612,1,1,1,1,5,0,39,21,MA,2045,8/25/78,Male,Married,US Citizen,No,White,3/31/14,1336,,N/A - still employed,Active,Production       ,Production Technician I,Kelley Spirea,Employee Referral,90-day meets
"Erilus, Angela",1105025661,0,3,0,1,5,1,28,24,MA,2133,8/25/89,Female,Separated,US Citizen,No,White,7/7/14,1238,,N/A - still employed,Active,Production       ,Production Technician II,Michael Albert,Pay Per Click - Google,PIP
"Estremera, Miguel",1104025243,0,0,1,4,5,2,34,17,MA,2129,9/2/83,Male,Single,US Citizen,No,White,4/2/12,908,9/27/14,attendance,Terminated for Cause,Production       ,Production Technician I,Michael Albert,Word of Mouth,Needs Improvement
"Evensen, April",1107027392,0,0,0,4,5,9,29,18,MA,2458,5/6/89,Female,Single,US Citizen,No,White,2/17/14,8,2/25/14,"no-call, no-show",Terminated for Cause,Production       ,Production Technician I,Elijiah Gray,Word of Mouth,N/A- too early to review
"Exantus, Susan",1401064670,1,1,0,4,4,2,31,48.5,MA,1749,5/15/87,Female,Married,US Citizen,No,Black or African American,5/2/11,765,6/5/13,attendance,Terminated for Cause,Software Engineering,Software Engineer,Alex Sweetwater,Billboard,Needs Improvement
"Faller, Megan ",1108028428,1,1,0,1,5,3,39,27,MA,1824,9/22/78,Female,Married,US Citizen,No,Black or African American,7/7/14,1238,,N/A - still employed,Active,Production       ,Production Technician II,Elijiah Gray,Professional Society,Fully Meets
"Fancett, Nicole",1402065085,0,0,0,1,5,3,30,24,MA,2324,9/27/87,Female,Single,US Citizen,No,Black or African American,2/17/14,1378,,N/A - still employed,Active,Production       ,Production Technician II,Webster Butler,Newspager/Magazine,Fully Meets
"Favis, Donald  ",1412071562,0,0,1,4,3,3,53,58.2,CT,6033,7/30/64,Male,Single,US Citizen,No,Black or African American,2/17/14,732,2/19/16,hours,Terminated for Cause,IT/IS,Sr. DBA,Simon Roup,Vendor Referral,Fully Meets
"Ferguson, Susan",1502072511,1,1,0,5,5,3,63,20,MA,2176,4/14/55,Female,Married,US Citizen,No,White,11/7/11,922,5/17/14,military,Voluntarily Terminated,Production       ,Production Technician I,Webster Butler,Search Engine - Google Bing Yahoo,Fully Meets
"Fernandes, Nilson  ",1302053339,1,1,1,1,5,9,28,18,MA,2132,10/18/89,Male,Married,US Citizen,No,White,5/11/15,930,,N/A - still employed,Active,Production       ,Production Technician I,Amy Dunn,Professional Society,N/A- too early to review
"Ferreira, Violeta",803009012,0,0,0,1,5,3,31,23,MA,2176,6/10/86,Female,Single,US Citizen,No,White,2/20/12,2106,,N/A - still employed,Active,Production       ,Production Technician I,Ketsia Liebig,Newspager/Magazine,Fully Meets
"Fidelia,  Libby",1006020020,1,1,0,1,5,3,37,24,MA,2155,3/16/81,Female,Married,US Citizen,No,White,1/9/12,2148,,N/A - still employed,Active,Production       ,Production Technician I,Brannon Miller,Social Networks - Facebook Twitter etc,Fully Meets
"Fitzpatrick, Michael  J",1109029103,0,0,1,5,5,3,36,29,MA,2143,10/1/81,Male,Single,US Citizen,Yes,White,5/16/11,770,6/24/13,hours,Voluntarily Terminated,Production       ,Production Technician II,Amy Dunn,Social Networks - Facebook Twitter etc,Fully Meets
"Foreman, Tanya",1012023204,1,1,0,5,5,3,34,24,MA,2170,11/8/83,Female,Married,US Citizen,No,White,4/4/11,280,1/9/12,career change,Voluntarily Terminated,Production       ,Production Technician II,Ketsia Liebig,Word of Mouth,Fully Meets
"Foss, Jason",1192991000,0,0,1,1,3,5,37,65,MA,1460,7/5/80,Male,Single,US Citizen,No,Black or African American,4/15/11,2417,,N/A - still employed,Active,IT/IS,IT Director,Jennifer Zamora,Professional Society,Exceptional
"Foster-Baker, Amy",1201031308,1,1,0,1,1,3,39,34.95,MA,2050,4/16/79,Female,Married,US Citizen,no,White,1/5/09,3247,,N/A - still employed,Active,Admin Offices,Sr. Accountant,Board of Directors,Other,Fully Meets
"Fraval, Maruk ",1411071302,0,0,1,1,6,3,54,55,CT,6050,8/28/63,Male,Single,US Citizen,No,Black or African American,9/6/11,2273,,N/A - still employed,Active,Sales,Area Sales Manager,Lynn Daneault,Monster.com,Fully Meets
"Friedman, Gerry",1204032843,0,0,1,1,6,3,49,55.5,NY,10171,2/24/69,Male,Single,US Citizen,Yes,Two or more races,3/7/11,2456,,N/A - still employed,Active,Sales,Area Sales Manager,John Smith,Diversity Job Fair,Fully Meets
"Galia, Lisa",1501072093,0,0,0,1,3,3,49,31.4,CT,6040,7/6/68,Female,Single,US Citizen,No,White,5/1/10,2766,,N/A - still employed,Active,IT/IS,IT Support,Eric Dougall,Vendor Referral,Fully Meets
"Garcia, Raul",1309061015,0,0,1,1,5,9,32,19,MA,1905,9/15/85,Male,Single,US Citizen,Yes,White,3/30/15,972,,N/A - still employed,Active,Production       ,Production Technician I,David Stanley,Employee Referral,N/A- too early to review
"Garneau, Hamish",1104025414,0,0,1,1,5,3,38,18,MA,1550,4/18/80,Male,Single,US Citizen,No,Asian,7/8/13,1602,,N/A - still employed,Active,Production       ,Production Technician I,Kissy Sullivan,Professional Society,Fully Meets
"Gaul, Barbara",1105026041,0,0,0,1,5,3,34,24,MA,2121,12/2/83,Female,Single,US Citizen,Yes,Black or African American,5/16/11,2386,,N/A - still employed,Active,Production       ,Production Technician I,Kelley Spirea,MBTA ads,Fully Meets
"Gentry, Mildred",1501072192,1,1,0,1,5,9,27,19,MA,2145,10/1/90,Female,Married,US Citizen,No,Black or African American,3/30/15,972,,N/A - still employed,Active,Production       ,Production Technician I,Michael Albert,Professional Society,N/A- too early to review
"Gerke, Melisa",1308060622,0,2,0,5,5,9,48,22,MA,2330,5/15/70,Female,Divorced,US Citizen,No,White,11/7/11,8,11/15/11,hours,Voluntarily Terminated,Production       ,Production Technician I,Elijiah Gray,Diversity Job Fair,N/A- too early to review
"Gill, Whitney  ",1302053046,0,4,0,4,6,3,46,55,OH,43050,7/10/71,Female,Widowed,US Citizen,No,Black or African American,7/7/14,425,9/5/15,attendance,Terminated for Cause,Sales,Area Sales Manager,John Smith,Monster.com,Fully Meets
"Gilles, Alex",1008020960,1,1,1,5,5,2,43,15,MA,2062,8/9/74,Male,Married,US Citizen,No,Black or African American,4/2/12,1179,6/25/15,military,Voluntarily Terminated,Production       ,Production Technician I,Webster Butler,Diversity Job Fair,Needs Improvement
"Girifalco, Evelyn",1204032927,0,0,0,1,5,4,38,16,MA,2451,5/8/80,Female,Single,US Citizen,Yes,Two or more races,9/29/14,1154,,N/A - still employed,Active,Production       ,Production Technician I,Amy Dunn,Professional Society,Exceeds
"Givens, Myriam",1203032099,0,0,0,1,6,0,28,55,IN,46204,9/22/89,Female,Single,US Citizen,No,White,2/16/15,1014,,N/A - still employed,Active,Sales,Area Sales Manager,Lynn Daneault,Pay Per Click - Google,90-day meets
"Goble, Taisha",905013738,0,0,0,4,3,3,46,48.5,MA,2127,10/23/71,Female,Single,US Citizen,No,White,2/16/15,27,3/15/15,"no-call, no-show",Terminated for Cause,IT/IS,Database Administrator,Simon Roup,Glassdoor,Fully Meets
"Gold, Shenice  ",1408069539,0,0,0,1,5,3,25,17,MA,2451,6/18/92,Female,Single,US Citizen,Yes,White,11/11/13,1476,,N/A - still employed,Active,Production       ,Production Technician I,Ketsia Liebig,Glassdoor,Fully Meets
"Gonzales, Ricardo",1411071481,1,1,1,1,6,3,63,55.5,ID,83706,10/12/54,Male,Married,US Citizen,No,White,5/12/14,1294,,N/A - still employed,Active,Sales,Area Sales Manager,John Smith,Monster.com,Fully Meets
"Gonzalez, Cayo",1411071212,0,2,1,1,5,4,48,16,MA,2108,9/29/69,Male,Divorced,US Citizen,No,American Indian or Alaska Native,7/11/11,2330,,N/A - still employed,Active,Production       ,Production Technician I,Brannon Miller,Diversity Job Fair,Exceeds
"Gonzalez, Juan",1411071324,1,1,1,5,5,1,53,29,MA,2128,10/12/64,Male,Married,US Citizen,No,Black or African American,4/26/10,399,5/30/11,career change,Voluntarily Terminated,Production       ,Production Technician II,Brannon Miller,Diversity Job Fair,PIP
"Gonzalez, Maria",1988299991,0,3,0,1,3,3,37,39,MA,2472,4/16/81,Female,Separated,US Citizen,Yes,White,1/5/15,1056,,N/A - still employed,Active,IT/IS,Network Engineer,Peter Monroe,Employee Referral,Fully Meets
"Good, Susan",1001549006,1,1,0,3,5,3,32,24.25,MA,1886,5/25/86,Female,Married,US Citizen,No,White,5/12/14,1294,,N/A - still employed,Leave of Absence,Production       ,Production Technician II,David Stanley,Professional Society,Fully Meets
"Gordon, David",1106026579,1,1,1,1,5,3,39,15,MA,2169,5/21/79,Male,Married,US Citizen,No,White,7/2/12,1973,,N/A - still employed,Active,Production       ,Production Technician I,David Stanley,MBTA ads,Fully Meets
"Gosciminski, Phylicia  ",1108028351,0,3,0,3,5,3,34,27,MA,1824,12/8/83,Female,Separated,US Citizen,No,American Indian or Alaska Native,9/30/13,1518,,N/A - still employed,Leave of Absence,Production       ,Production Technician II,Kissy Sullivan,Word of Mouth,Fully Meets
"Goyal, Roxana",1312063675,1,1,0,3,5,3,43,24,MA,1864,10/9/74,Female,Married,US Citizen,No,Asian,8/19/13,1560,,N/A - still employed,Leave of Absence,Production       ,Production Technician I,Kissy Sullivan,On-campus Recruiting,Fully Meets
"Gray, Elijiah  ",1307060077,0,2,1,1,5,3,36,54,MA,1752,7/11/81,Male,Divorced,US Citizen,No,White,6/2/15,908,,N/A - still employed,Active,Production       ,Production Manager,Janet King,Employee Referral,Fully Meets
"Gross, Paula",1103024859,0,2,0,5,5,3,35,14,MA,2176,5/21/83,Female,Divorced,US Citizen,No,White,2/21/11,1055,1/11/14,more money,Voluntarily Terminated,Production       ,Production Technician I,Kelley Spirea,Monster.com,Fully Meets
"Guilianno, Mike",1001167253,0,0,1,5,6,3,49,55,TN,37129,2/9/69,Male,Single,US Citizen,No,Two or more races,3/7/11,1334,10/31/14,relocation out of area,Voluntarily Terminated,Sales,Area Sales Manager,John Smith,Newspager/Magazine,Fully Meets
"Handschiegl, Joanne",1405067064,1,1,0,1,5,3,41,24,MA,2127,3/23/77,Female,Married,US Citizen,No,White,11/28/11,2190,,N/A - still employed,Active,Production       ,Production Technician I,Michael Albert,Word of Mouth,Fully Meets
"Hankard, Earnest",1307059937,0,0,1,1,5,3,29,24,MA,2155,8/10/88,Male,Single,US Citizen,Yes,White,11/11/13,1476,,N/A - still employed,Active,Production       ,Production Technician II,Kelley Spirea,Newspager/Magazine,Fully Meets
"Harrell, Ludwick",1406068241,1,1,1,1,5,3,35,21,MA,1776,9/2/82,Male,Married,US Citizen,No,Asian,5/14/12,2022,,N/A - still employed,Active,Production       ,Production Technician I,Elijiah Gray,Search Engine - Google Bing Yahoo,Fully Meets
"Harrington, Christie ",1110029602,0,0,0,5,5,3,65,19.75,MA,2324,8/18/52,Female,Single,US Citizen,No,White,1/9/12,1436,12/15/15,retiring,Voluntarily Terminated,Production       ,Production Technician I,Webster Butler,Monster.com,Fully Meets
"Harrison, Kara",1404066622,1,1,0,1,5,4,44,20,MA,1886,5/2/74,Female,Married,US Citizen,No,White,5/12/14,1294,,N/A - still employed,Active,Production       ,Production Technician I,Amy Dunn,Monster.com,Exceeds
"Heitzman, Anthony",1002017900,0,0,1,1,5,0,34,19,MA,2149,1/4/84,Male,Single,US Citizen,No,White,8/13/12,1931,,N/A - still employed,Active,Production       ,Production Technician I,Ketsia Liebig,Social Networks - Facebook Twitter etc,90-day meets
"Hendrickson, Trina",1011022932,0,0,0,5,5,3,45,24,MA,2021,8/27/72,Female,Single,US Citizen,No,White,1/10/11,770,2/18/13,hours,Voluntarily Terminated,Production       ,Production Technician II,Kelley Spirea,Monster.com,Fully Meets
"Hernandez, Daniff",1410071156,1,1,1,4,3,9,31,40.1,MA,1960,8/7/86,Male,Married,US Citizen,No,Black or African American,2/16/15,6,2/22/15,"no-call, no-show",Terminated for Cause,IT/IS,Database Administrator,Simon Roup,Employee Referral,N/A- too early to review
"Hogland, Jonathan ",1001944783,1,1,1,4,5,3,45,48.5,MA,1890,7/1/72,Male,Married,US Citizen,No,White,1/10/11,1797,12/12/15,attendance,Terminated for Cause,Production       ,Production Manager,Janet King,Employee Referral,Fully Meets
"Homberger, Adrienne  J",1207046956,1,1,0,5,5,3,34,28,MA,2445,2/16/84,Female,Married,Non-Citizen,No,White,8/15/11,236,4/7/12,relocation out of area,Voluntarily Terminated,Production       ,Production Technician II,Michael Albert,Glassdoor,Fully Meets
"Horton, Jayne",1105025718,0,0,0,1,3,9,34,34,MA,2493,2/21/84,Female,Single,US Citizen,No,White,3/30/15,972,,N/A - still employed,Active,IT/IS,Database Administrator,Simon Roup,Glassdoor,N/A- too early to review
"Houlihan, Debra",1009021646,1,1,0,1,6,3,52,60,RI,2908,3/17/66,Female,Married,US Citizen,No,White,5/5/14,1301,,N/A - still employed,Active,Sales,Director of Sales,Janet King,MBTA ads,Fully Meets
"Howard, Estelle",1211050782,1,1,0,1,1,9,32,21.5,MA,2170,9/16/85,Female,Married,US Citizen,No,White,2/16/15,58,4/15/15,N/A - still employed,Active,Admin Offices,Administrative Assistant,Brandon R. LeBlanc,Pay Per Click - Google,N/A- too early to review
"Hubert, Robert",1009920000,1,1,1,1,3,3,28,45,MA,2134,6/30/89,Male,Married,US Citizen,No,Black or African American,4/20/17,220,,N/A - still employed,Active,IT/IS,BI Developer,Brian Champaigne,Indeed,Fully Meets
"Hunts, Julissa",1106026433,0,0,0,2,5,9,34,25,MA,2021,3/11/84,Female,Single,US Citizen,No,White,6/6/16,538,,N/A - Has not started yet,Future Start,Production       ,Production Technician II,Elijiah Gray,Vendor Referral,N/A- too early to review
"Hutter, Rosalie",1103024924,0,3,0,2,5,9,26,28,MA,2351,5/7/92,Female,Separated,US Citizen,No,White,6/5/15,905,,N/A - Has not started yet,Future Start,Production       ,Production Technician II,Webster Butler,Other,N/A- too early to review
"Huynh, Ming",1306058509,0,2,0,5,5,3,41,23,MA,1742,9/22/76,Female,Divorced,US Citizen,No,White,2/21/11,770,4/1/13,unhappy,Voluntarily Terminated,Production       ,Production Technician II,Amy Dunn,Search Engine - Google Bing Yahoo,Fully Meets
"Immediato, Walter",1403065874,1,1,1,5,5,2,41,42,MA,2128,11/15/76,Male,Married,US Citizen,No,Asian,2/21/11,581,9/24/12,unhappy,Voluntarily Terminated,Production       ,Production Manager,Janet King,Other,Needs Improvement
"Ivey, Rose ",1408069882,0,0,0,1,5,3,27,16,MA,1775,1/28/91,Female,Single,US Citizen,No,White,8/19/13,1560,,N/A - still employed,Active,Production       ,Production Technician I,Brannon Miller,Professional Society,Fully Meets
"Jackson, Maryellen",1201031438,0,0,0,1,5,3,45,20,MA,2081,9/11/72,Female,Single,US Citizen,No,White,11/5/12,1847,,N/A - still employed,Active,Production       ,Production Technician I,David Stanley,Newspager/Magazine,Fully Meets
"Jacobi, Hannah  ",1503072857,0,2,0,1,5,3,52,21,MA,1778,3/22/66,Female,Divorced,US Citizen,No,White,9/30/13,1518,,N/A - still employed,Active,Production       ,Production Technician I,Kissy Sullivan,Employee Referral,Fully Meets
"Jeannite, Tayana",1008020942,0,2,0,1,5,4,31,22.5,MA,1821,11/6/86,Female,Divorced,US Citizen,No,American Indian or Alaska Native,7/5/11,2336,,N/A - still employed,Active,Production       ,Production Technician II,Ketsia Liebig,MBTA ads,Exceeds
Jeremy Prater,1001084890,1,1,1,1,6,1,44,56,NV,89139,5/9/74,Male,Married,US Citizen,No,White,5/12/14,1294,,N/A - still employed,Active,Sales,Area Sales Manager,Lynn Daneault,Website Banner Ads,PIP
"Jhaveri, Sneha  ",1412071713,0,3,0,1,5,3,54,19,MA,2109,4/13/64,Female,Separated,US Citizen,No,White,1/6/14,1420,,N/A - still employed,Active,Production       ,Production Technician I,Kelley Spirea,On-campus Recruiting,Fully Meets
"Johnson, George",1105025721,1,1,1,5,5,4,58,17,MA,2445,8/19/59,Male,Married,US Citizen,No,White,11/7/11,1635,4/29/16,more money,Voluntarily Terminated,Production       ,Production Technician I,Michael Albert,Monster.com,Exceeds
"Johnson, Noelle ",1003018246,1,1,0,3,3,0,31,40,MA,2301,11/7/86,Female,Married,US Citizen,No,Asian,1/5/15,1056,,N/A - still employed,Leave of Absence,IT/IS,Database Administrator,Simon Roup,Glassdoor,90-day meets
"Johnston, Yen",1306057810,0,0,0,1,5,5,48,25,MA,2128,9/8/69,Female,Single,US Citizen,No,White,7/7/14,1238,,N/A - still employed,Active,Production       ,Production Technician II,Brannon Miller,Professional Society,Exceptional
"Jung, Judy  ",1107027450,1,1,0,5,5,0,32,21,MA,2446,4/17/86,Female,Married,US Citizen,No,White,1/10/11,1908,4/1/16,unhappy,Voluntarily Terminated,Production       ,Production Technician I,Elijiah Gray,Monster.com,90-day meets
"Kampew, Donysha",1109029264,0,0,0,5,6,3,28,60.25,PA,19444,11/11/89,Female,Single,US Citizen,No,White,11/7/11,899,4/24/14,maternity leave - did not return,Voluntarily Terminated,Sales,Sales Manager,Debra Houlihan,Social Networks - Facebook Twitter etc,Fully Meets
"Keatts, Kramer ",1301052462,0,0,1,1,5,3,42,19,MA,1887,1/19/76,Male,Single,US Citizen,No,White,9/30/13,1518,,N/A - still employed,Active,Production       ,Production Technician I,Michael Albert,Billboard,Fully Meets
"Khemmich, Bartholemew",1104025008,0,0,1,1,6,3,38,55,CO,80820,11/27/79,Male,Single,US Citizen,No,White,8/19/13,1560,,N/A - still employed,Active,Sales,Area Sales Manager,Lynn Daneault,Pay Per Click - Google,Fully Meets
"King, Janet",1001495124,1,1,0,1,2,3,63,80,MA,1902,9/21/54,Female,Married,US Citizen,Yes,White,7/2/12,1973,,N/A - still employed,Active,Executive Office,President & CEO,Board of Directors,Pay Per Click - Google,Fully Meets
"Kinsella, Kathleen  ",710007401,1,1,0,5,5,0,44,22,MA,2170,12/8/73,Female,Married,US Citizen,No,White,9/26/11,1347,6/4/15,more money,Voluntarily Terminated,Production       ,Production Technician I,Webster Butler,Search Engine - Google Bing Yahoo,90-day meets
"Kirill, Alexandra  ",903013071,1,1,0,5,5,3,47,24,MA,2127,10/8/70,Female,Married,US Citizen,No,White,9/26/11,105,1/9/12,more money,Voluntarily Terminated,Production       ,Production Technician I,Amy Dunn,Search Engine - Google Bing Yahoo,Fully Meets
"Knapp, Bradley  J",1304055683,0,0,1,1,5,3,40,14,MA,1721,11/10/77,Male,Single,US Citizen,No,Black or African American,2/17/14,1378,,N/A - still employed,Active,Production       ,Production Technician I,Ketsia Liebig,On-campus Recruiting,Fully Meets
"Kretschmer, John",1311062610,1,1,1,1,5,3,38,21,MA,1801,2/2/80,Male,Married,US Citizen,No,Asian,1/10/11,2512,,N/A - still employed,Active,Production       ,Production Technician I,Brannon Miller,Pay Per Click - Google,Fully Meets
"Lajiri,  Jyoti",1108028108,1,1,1,3,3,3,32,56.2,MA,2169,4/23/86,Male,Married,US Citizen,No,White,11/10/14,1112,,N/A - still employed,Leave of Absence,IT/IS,Sr. Network Engineer,Peter Monroe,Employee Referral,Fully Meets
"Langford, Lindsey",1010022030,0,2,0,5,5,3,38,22,MA,2090,7/25/79,Female,Divorced,US Citizen,No,Asian,1/7/13,448,3/31/14,Another position,Voluntarily Terminated,Production       ,Production Technician II,David Stanley,Glassdoor,Fully Meets
"Langton, Enrico",1304055987,1,1,1,1,5,3,31,17,MA,2048,12/9/86,Male,Married,US Citizen,No,White,7/9/12,1966,,N/A - still employed,Active,Production       ,Production Technician I,David Stanley,Newspager/Magazine,Fully Meets
"LaRotonda, William  ",1106026572,0,2,1,1,1,3,34,23,MA,1460,4/26/84,Male,Divorced,US Citizen,No,Black or African American,1/6/14,1420,,N/A - still employed,Active,Admin Offices,Accountant I,Brandon R. LeBlanc,Website Banner Ads,Fully Meets
"Latif, Mohammed",1104025486,1,1,1,5,5,3,34,28,MA,2126,5/9/84,Male,Married,US Citizen,No,White,4/2/12,378,4/15/13,more money,Voluntarily Terminated,Production       ,Production Technician II,Kissy Sullivan,Word of Mouth,Fully Meets
"Le, Binh",1009919930,0,0,0,1,3,3,30,50.25,MA,1886,6/14/87,Female,Single,US Citizen,No,Asian,10/2/16,420,,N/A - still employed,Active,IT/IS,Senior BI Developer,Brian Champaigne,Indeed,Fully Meets
"Leach, Dallas",1408069409,0,0,0,5,5,3,39,19,MA,1810,1/17/79,Female,Single,US Citizen,No,Asian,9/26/11,693,8/19/13,return to school,Voluntarily Terminated,Production       ,Production Technician I,Kissy Sullivan,Monster.com,Fully Meets
"LeBel, Jonathan  R",1107027575,0,0,1,4,5,0,36,15,MA,2050,10/18/81,Male,Single,US Citizen,No,White,2/21/11,164,8/4/11,attendance,Terminated for Cause,Production       ,Production Technician I,Kelley Spirea,Social Networks - Facebook Twitter etc,90-day meets
"LeBlanc, Brandon  R",1102024115,1,1,1,1,1,3,33,55,MA,1460,6/10/84,Male,Married,US Citizen,No,White,1/5/16,691,,N/A - still employed,Active,Admin Offices,Shared Services Manager,Janet King,Monster.com,Fully Meets
"Leruth, Giovanni",1412071660,0,3,1,1,6,3,29,55,UT,84111,12/27/88,Male,Separated,US Citizen,No,Black or African American,4/30/12,2036,,N/A - still employed,Active,Sales,Area Sales Manager,John Smith,Website Banner Ads,Fully Meets
"Liebig, Ketsia",1103024679,1,1,0,1,5,4,36,55,MA,2110,10/26/81,Female,Married,US Citizen,No,White,9/30/13,1518,,N/A - still employed,Active,Production       ,Production Manager,Janet King,Website Banner Ads,Exceeds
"Linares, Marilyn ",1206042315,1,1,0,5,5,9,37,15.25,MA,1886,3/26/81,Female,Married,US Citizen,No,White,7/5/11,83,9/26/11,unhappy,Voluntarily Terminated,Production       ,Production Technician I,Michael Albert,Internet Search,N/A- too early to review
"Linden, Mathew",1405067565,1,1,1,3,5,3,39,22,MA,1770,3/19/79,Male,Married,US Citizen,No,White,7/8/13,1602,,N/A - still employed,Leave of Absence,Production       ,Production Technician II,Kelley Spirea,Information Session,Fully Meets
"Lindsay, Leonara ",602000312,0,0,0,1,3,4,29,26,CT,6070,10/5/88,Female,Single,US Citizen,Yes,Two or more races,1/21/11,2501,,N/A - still employed,Active,IT/IS,IT Support,Eric Dougall,Diversity Job Fair,Exceeds
"Lundy, Susan",1305056276,0,4,0,5,5,9,41,24,MA,2122,12/26/76,Female,Widowed,US Citizen,No,White,7/8/13,69,9/15/13,more money,Voluntarily Terminated,Production       ,Production Technician II,Michael Albert,On-campus Recruiting,N/A- too early to review
"Lunquist, Lisa",1001504432,0,0,0,1,5,4,36,26.1,MA,2324,3/28/82,Female,Single,US Citizen,No,Black or African American,8/19/13,1560,,N/A - still employed,Active,Production       ,Production Technician II,Elijiah Gray,Glassdoor,Exceeds
"Lydon, Allison",1101023353,1,1,0,3,5,0,42,20,MA,2122,10/22/75,Female,Married,US Citizen,No,Black or African American,2/16/15,1014,,N/A - still employed,Leave of Absence,Production       ,Production Technician I,Elijiah Gray,Website Banner Ads,90-day meets
"Lynch, Lindsay",1001138521,0,0,0,5,5,4,45,19,MA,1844,2/14/73,Female,Single,US Citizen,Yes,Two or more races,11/7/11,1468,11/14/15,Another position,Voluntarily Terminated,Production       ,Production Technician I,Webster Butler,Diversity Job Fair,Exceeds
"MacLennan, Samuel",1201031032,0,4,1,5,5,9,45,15,MA,1938,11/9/72,Male,Widowed,US Citizen,No,White,9/24/12,2,9/26/12,hours,Voluntarily Terminated,Production       ,Production Technician I,Amy Dunn,Pay Per Click,N/A- too early to review
"Mahoney, Lauren  ",1209049259,0,0,0,1,5,3,31,17,MA,2189,7/7/86,Female,Single,US Citizen,No,White,1/6/14,1420,,N/A - still employed,Active,Production       ,Production Technician I,Ketsia Liebig,Newspager/Magazine,Fully Meets
"Manchester, Robyn",1110029623,1,1,0,2,5,9,41,23,MA,2324,8/25/76,Female,Married,US Citizen,No,White,5/11/16,564,,N/A - Has not started yet,Future Start,Production       ,Production Technician II,Webster Butler,Vendor Referral,N/A- too early to review
"Mancuso, Karen",1304055986,1,1,0,5,5,9,31,23,MA,2176,12/10/86,Female,Married,US Citizen,No,Two or more races,7/5/11,45,8/19/11,Another position,Voluntarily Terminated,Production       ,Production Technician II,Amy Dunn,Newspager/Magazine,N/A- too early to review
"Mangal, Debbie",1308060754,1,1,0,1,5,3,43,23,MA,2451,11/7/74,Female,Married,US Citizen,No,White,11/11/13,1476,,N/A - still employed,Active,Production       ,Production Technician I,Brannon Miller,On-campus Recruiting,Fully Meets
"Martin, Sandra",1303054625,0,0,0,1,4,3,30,55.51,MA,2135,11/7/87,Female,Single,US Citizen,No,Asian,11/11/13,1476,,N/A - still employed,Active,Software Engineering,Software Engineer,Alex Sweetwater,Search Engine - Google Bing Yahoo,Fully Meets
"Martins, Joseph",1209048771,0,0,1,1,6,3,47,56,TX,78207,6/11/70,Male,Single,Eligible NonCitizen,No,Black or African American,5/14/12,2022,,N/A - still employed,Active,Sales,Area Sales Manager,Lynn Daneault,Employee Referral,Fully Meets
"Maurice, Shana",1401064327,1,1,0,1,5,0,40,20,MA,2330,11/22/77,Female,Married,US Citizen,No,White,5/31/11,2371,,N/A - still employed,Active,Production       ,Production Technician I,David Stanley,Other,90-day meets
"McCarthy, Brigit",1406067957,0,0,0,1,5,9,31,26,MA,2149,5/21/87,Female,Single,US Citizen,No,White,3/30/15,972,,N/A - still employed,Active,Production       ,Production Technician II,Ketsia Liebig,Newspager/Magazine,N/A- too early to review
"Mckenna, Sandy",909015167,1,1,0,1,5,3,31,24,MA,2184,1/7/87,Female,Married,US Citizen,No,Black or African American,1/7/13,1784,,N/A - still employed,Active,Production       ,Production Technician I,Kissy Sullivan,Monster.com,Fully Meets
"McKinzie, Jac",1209049326,1,1,1,2,6,9,33,55,TX,78789,7/1/84,Male,Married,US Citizen,No,Two or more races,7/6/16,508,,N/A - Has not started yet,Future Start,Sales,Area Sales Manager,Lynn Daneault,Website Banner Ads,N/A- too early to review
"Meads, Elizabeth",1409070245,0,0,0,5,5,3,50,14,MA,1760,5/30/68,Female,Single,US Citizen,No,Black or African American,4/2/12,1318,11/11/15,Another position,Voluntarily Terminated,Production       ,Production Technician I,Kelley Spirea,Diversity Job Fair,Fully Meets
"Medeiros, Jennifer",1109029256,0,0,0,1,5,9,41,20,MA,2346,9/22/76,Female,Single,US Citizen,No,White,3/30/15,972,,N/A - still employed,Active,Production       ,Production Technician I,Michael Albert,Monster.com,N/A- too early to review
"Merlos, Carlos",1012023013,0,0,1,1,3,9,30,43,MA,2138,6/18/87,Male,Single,US Citizen,No,White,3/30/15,972,,N/A - still employed,Active,IT/IS,Network Engineer,Peter Monroe,Vendor Referral,N/A- too early to review
"Miller, Brannon",1107027351,0,0,1,1,5,3,36,53,MA,2045,8/10/81,Male,Single,US Citizen,yes,Hispanic,8/16/12,1928,,N/A - still employed,Active,Production       ,Production Manager,Janet King,Internet Search,Fully Meets
"Miller, Ned",1205033439,0,0,1,5,5,1,32,25,MA,2472,6/29/85,Male,Single,US Citizen,No,White,8/15/11,1116,9/4/14,unhappy,Voluntarily Terminated,Production       ,Production Technician II,Brannon Miller,MBTA ads,PIP
"Monkfish, Erasumus",1404066711,1,1,1,1,5,3,25,27,MA,1450,8/17/92,Male,Married,US Citizen,No,White,11/7/11,2211,,N/A - still employed,Active,Production       ,Production Technician II,David Stanley,Professional Society,Fully Meets
"Monroe, Peter",1011022863,1,1,1,1,3,2,31,63,MA,2134,10/5/86,Male,Married,Eligible NonCitizen,Yes,Hispanic,2/15/12,2111,,N/A - still employed,Active,IT/IS,IT Manager - Infra,Jennifer Zamora,Diversity Job Fair,Needs Improvement
"Monterro, Luisa",1001103149,0,0,0,1,5,5,48,25,MA,2126,4/24/70,Female,Single,US Citizen,No,Black or African American,5/13/13,1658,,N/A - still employed,Active,Production       ,Production Technician II,Kissy Sullivan,Billboard,Exceptional
"Moran, Patrick",1408069503,0,0,1,3,5,3,41,26,MA,2127,12/3/76,Male,Single,US Citizen,No,Hispanic,1/9/12,2148,,N/A - still employed,Leave of Absence,Production       ,Production Technician II,Kelley Spirea,Diversity Job Fair,Fully Meets
"Morway, Tanya",1001956578,1,1,0,1,3,3,39,27,MA,2048,4/4/79,Female,Married,US Citizen,No,White,2/16/15,1014,,N/A - still employed,Active,IT/IS,Network Engineer,Peter Monroe,Monster.com,Fully Meets
"Motlagh,  Dawn",1102024121,0,2,0,1,5,3,33,15,MA,2453,7/7/84,Female,Divorced,US Citizen,No,White,4/1/13,1700,,N/A - still employed,Active,Production       ,Production Technician I,Elijiah Gray,MBTA ads,Fully Meets
"Moumanil, Maliki ",1301052436,0,3,1,1,5,3,43,29,MA,1460,12/1/74,Male,Separated,US Citizen,No,Black or African American,5/13/13,1658,,N/A - still employed,Active,Production       ,Production Technician II,Michael Albert,On-campus Recruiting,Fully Meets
"Mullaney, Howard",1306057978,0,0,1,1,6,2,42,55,AL,36006,11/2/75,Male,Single,US Citizen,No,Two or more races,9/29/14,1154,,N/A - still employed,Active,Sales,Area Sales Manager,John Smith,Internet Search,Needs Improvement
"Murray, Thomas",1406068403,0,2,1,1,3,5,29,35.5,TX,78230,7/4/88,Male,Divorced,US Citizen,No,Black or African American,11/10/14,1112,,N/A - still employed,Active,IT/IS,Database Administrator,Simon Roup,Diversity Job Fair,Exceptional
"Navathe, Kurt",1009919960,0,0,1,1,3,3,48,52.25,MA,2056,4/25/70,Male,Single,US Citizen,No,Asian,2/10/17,289,,N/A - still employed,Active,IT/IS,Senior BI Developer,Brian Champaigne,Indeed,Fully Meets
"Ndzi, Colombui",1204033041,0,0,1,5,5,3,29,18,MA,2110,5/2/89,Male,Single,US Citizen,No,Black or African American,9/26/11,921,4/4/14,return to school,Voluntarily Terminated,Production       ,Production Technician I,Webster Butler,Diversity Job Fair,Fully Meets
"Ndzi, Horia",1204033041,1,1,1,5,5,3,35,22,MA,2421,3/28/83,Male,Married,US Citizen,No,White,4/1/13,1150,5/25/16,more money,Voluntarily Terminated,Production       ,Production Technician I,Amy Dunn,Employee Referral,Fully Meets
"Newman, Richard ",1302053044,1,1,1,3,5,3,41,21,MA,2136,4/8/77,Male,Married,US Citizen,No,White,5/12/14,1294,,N/A - still employed,Leave of Absence,Production       ,Production Technician I,Ketsia Liebig,On-campus Recruiting,Fully Meets
"Ngodup, Shari ",1403066020,0,3,0,1,5,4,51,15,MA,1810,6/3/67,Female,Separated,US Citizen,No,Asian,4/1/13,1700,,N/A - still employed,Active,Production       ,Production Technician I,Brannon Miller,Diversity Job Fair,Exceeds
"Nguyen, Dheepa",1111030684,0,0,0,1,6,3,29,55,GA,30428,3/31/89,Female,Single,US Citizen,No,Two or more races,7/8/13,1602,,N/A - still employed,Active,Sales,Area Sales Manager,Lynn Daneault,Pay Per Click - Google,Fully Meets
"Nguyen, Lei-Ming",1203032357,0,0,0,1,5,3,33,19,MA,2132,7/7/84,Female,Single,US Citizen,No,White,7/8/13,1602,,N/A - still employed,Active,Production       ,Production Technician I,David Stanley,Vendor Referral,Fully Meets
"Nowlan, Kristie",1104025435,0,0,0,1,5,3,32,26.39,MA,1040,11/23/85,Female,Single,US Citizen,No,White,11/10/14,1112,,N/A - still employed,Active,Production       ,Production Technician II,Elijiah Gray,Glassdoor,Fully Meets
"O'hare, Lynn",1206044851,0,0,0,4,5,1,37,18.5,MA,2152,9/30/80,Female,Single,US Citizen,No,Two or more races,3/31/14,762,5/1/16,performance,Terminated for Cause,Production       ,Production Technician I,Kissy Sullivan,Professional Society,PIP
"Oliver, Brooke ",1001856521,1,1,0,5,5,0,66,25,MA,2492,2/11/52,Female,Married,US Citizen,No,Asian,5/14/12,462,8/19/13,unhappy,Voluntarily Terminated,Production       ,Production Technician II,Webster Butler,Newspager/Magazine,90-day meets
"Onque, Jasmine",1501072180,0,0,0,1,6,3,28,57,FL,33174,5/11/90,Female,Single,US Citizen,Yes,White,9/30/13,1518,,N/A - still employed,Active,Sales,Area Sales Manager,Lynn Daneault,Pay Per Click - Google,Fully Meets
"Osturnka, Adeel",1404066949,1,1,1,1,5,4,41,16,MA,2478,12/11/76,Male,Married,US Citizen,No,White,9/30/13,1518,,N/A - still employed,Active,Production       ,Production Technician I,Kelley Spirea,On-campus Recruiting,Exceeds
"Owad, Clinton",1103024335,0,0,1,1,5,2,38,22,MA,1760,11/24/79,Male,Single,US Citizen,No,Black or African American,2/17/14,1378,,N/A - still employed,Active,Production       ,Production Technician I,Michael Albert,MBTA ads,Needs Improvement
"Ozark, Travis",812011761,0,0,1,1,6,0,36,55,NC,27229,5/19/82,Male,Single,US Citizen,No,White,1/5/15,1056,,N/A - still employed,Active,Sales,Area Sales Manager,John Smith,Website Banner Ads,90-day meets
"Panjwani, Nina",1109029531,1,1,0,5,5,3,39,18,MA,2351,5/1/79,Female,Married,US Citizen,No,White,2/7/11,1070,1/12/14,Another position,Voluntarily Terminated,Production       ,Production Technician I,Elijiah Gray,Social Networks - Facebook Twitter etc,Fully Meets
"Patronick, Luke",1112030979,0,0,1,5,4,4,39,52.25,MA,1844,2/20/79,Male,Single,US Citizen,No,Asian,11/7/11,1400,9/7/15,Another position,Voluntarily Terminated,Software Engineering,Software Engineer,Alex Sweetwater,Diversity Job Fair,Exceeds
"Pearson, Randall",1102023965,1,1,1,5,3,3,33,41,MA,2747,9/5/84,Male,Married,US Citizen,No,White,12/1/14,517,5/1/16,performance,Voluntarily Terminated,IT/IS,Database Administrator,Simon Roup,Employee Referral,Fully Meets
"Pelech, Emil",1307060058,0,0,1,5,5,2,30,24,MA,2458,3/17/88,Male,Single,US Citizen,No,Black or African American,1/10/11,718,12/28/12,career change,Voluntarily Terminated,Production       ,Production Technician I,Webster Butler,Search Engine - Google Bing Yahoo,Needs Improvement
"Pelletier, Ermine",1202031821,1,1,0,5,5,9,28,28,MA,2472,7/18/89,Female,Married,US Citizen,No,Asian,7/5/11,72,9/15/11,unhappy,Voluntarily Terminated,Production       ,Production Technician II,Amy Dunn,Monster.com,N/A- too early to review
"Perry, Shakira",1109029186,0,0,0,5,5,3,31,22,MA,2176,7/20/86,Female,Single,US Citizen,No,White,5/16/11,1623,10/25/15,medical issues,Voluntarily Terminated,Production       ,Production Technician I,Amy Dunn,MBTA ads,Fully Meets
"Peters, Lauren",1411071406,1,1,0,5,5,4,31,29,MA,1886,8/17/86,Female,Married,US Citizen,No,White,5/16/11,264,2/4/12,more money,Voluntarily Terminated,Production       ,Production Technician II,Ketsia Liebig,Pay Per Click - Google,Exceeds
"Peterson, Ebonee  ",1402065355,1,1,0,5,5,3,41,38.5,MA,2030,5/9/77,Female,Married,US Citizen,No,White,10/25/10,2032,5/18/16,Another position,Voluntarily Terminated,Production       ,Production Manager,Janet King,Internet Search,Fully Meets
"Peterson, Kayla ",1307059944,1,1,0,1,5,3,44,17,MA,1749,9/23/73,Female,Married,US Citizen,No,White,4/26/10,2771,,N/A - still employed,Active,Production       ,Production Technician I,Ketsia Liebig,Search Engine - Google Bing Yahoo,Fully Meets
"Petingill, Shana  ",1103024843,1,1,0,1,5,3,39,26,MA,2050,3/10/79,Female,Married,Eligible NonCitizen,No,Asian,4/2/12,2064,,N/A - still employed,Active,Production       ,Production Technician II,Brannon Miller,MBTA ads,Fully Meets
"Petrowsky, Thelma",1108027853,1,1,0,1,3,5,33,42.75,MA,1886,9/16/84,Female,Married,US Citizen,No,Asian,11/10/14,1112,,N/A - still employed,Active,IT/IS,Database Administrator,Simon Roup,Employee Referral,Exceptional
"Pham, Hong",1305057440,1,1,1,5,5,3,30,18,MA,2451,3/6/88,Male,Married,US Citizen,No,White,7/5/11,514,11/30/12,more money,Voluntarily Terminated,Production       ,Production Technician I,Brannon Miller,Search Engine - Google Bing Yahoo,Fully Meets
"Pitt, Brad ",1001735072,0,0,1,1,5,3,36,17,MA,2451,11/23/81,Male,Single,US Citizen,No,Black or African American,11/5/07,3674,,N/A - still employed,Active,Production       ,Production Technician I,David Stanley,Search Engine - Google Bing Yahoo,Fully Meets
"Potts, Xana",1102024106,1,1,0,1,6,3,29,55,KY,40220,8/29/88,Female,Married,US Citizen,No,Black or African American,1/9/12,2148,,N/A - still employed,Active,Sales,Area Sales Manager,Lynn Daneault,Website Banner Ads,Fully Meets
"Power, Morissa",1102024274,0,2,0,5,5,9,33,19,MA,1742,10/15/84,Female,Divorced,Eligible NonCitizen,No,Asian,5/16/11,19,6/4/11,Another position,Voluntarily Terminated,Production       ,Production Technician I,Kissy Sullivan,Social Networks - Facebook Twitter etc,N/A- too early to review
"Punjabhi, Louis  ",1401064562,0,0,1,1,5,3,56,16,MA,2109,6/19/61,Male,Single,US Citizen,No,White,1/6/14,1420,,N/A - still employed,Active,Production       ,Production Technician I,Kelley Spirea,Employee Referral,Fully Meets
"Purinton, Janine",1011022926,0,2,0,5,5,3,47,16,MA,2474,9/22/70,Female,Divorced,US Citizen,No,White,9/24/12,267,6/18/13,unhappy,Voluntarily Terminated,Production       ,Production Technician I,Kissy Sullivan,Billboard,Fully Meets
"Quinn, Sean",1206043417,1,1,1,5,1,3,33,55,MA,2045,11/6/84,Male,Married,Eligible NonCitizen,No,Black or African American,2/21/11,1636,8/15/15,career change,Voluntarily Terminated,Admin Offices,Shared Services Manager,Janet King,Diversity Job Fair,Fully Meets
"Rachael, Maggie",1009919940,1,1,0,1,3,3,38,45,MA,2110,5/12/80,Female,Married,US Citizen,No,Black or African American,10/2/16,420,,N/A - still employed,Active,IT/IS,BI Developer,Brian Champaigne,Indeed,Fully Meets
"Rarrick, Quinn",1208048229,0,2,1,5,5,3,33,21,MA,2478,12/31/84,Male,Divorced,US Citizen,No,White,9/26/11,194,4/7/12,more money,Voluntarily Terminated,Production       ,Production Technician I,Michael Albert,Pay Per Click - Google,Fully Meets
"Rhoads, Thomas",1211050793,0,2,1,5,5,3,35,20,MA,2176,7/22/82,Male,Divorced,US Citizen,Yes,White,5/16/11,1705,1/15/16,retiring,Voluntarily Terminated,Production       ,Production Technician I,Elijiah Gray,Professional Society,Fully Meets
"Riordan, Michael",1502072711,0,3,1,1,6,4,50,55,ND,58782,1/15/68,Male,Separated,US Citizen,No,White,1/9/06,4339,,N/A - still employed,Active,Sales,Area Sales Manager,Lynn Daneault,Billboard,Exceeds
"Rivera, Haley  ",1405067642,1,1,0,1,5,4,45,22,MA,2171,1/12/73,Female,Married,US Citizen,No,Asian,11/28/11,2190,,N/A - still employed,Active,Production       ,Production Technician I,Webster Butler,Search Engine - Google Bing Yahoo,Exceeds
"Roberson, May",1402065340,0,2,0,5,5,9,36,26,MA,1902,9/5/81,Female,Divorced,Eligible NonCitizen,No,White,9/26/11,26,10/22/11,return to school,Voluntarily Terminated,Production       ,Production Technician II,David Stanley,Search Engine - Google Bing Yahoo,N/A- too early to review
"Robertson, Peter",1499902991,1,1,1,5,5,3,45,22,MA,2138,7/3/72,Male,Married,US Citizen,No,White,7/5/11,218,2/8/12,Another position,Voluntarily Terminated,Production       ,Production Technician II,Kissy Sullivan,Glassdoor,Fully Meets
"Robinson, Alain  ",1206038000,1,1,1,5,5,3,44,24,MA,1420,1/7/74,Male,Married,US Citizen,No,Black or African American,1/10/11,1842,1/26/16,attendance,Voluntarily Terminated,Production       ,Production Technician I,Amy Dunn,Glassdoor,Fully Meets
"Robinson, Cherly",1403065625,1,1,0,4,5,2,33,16,MA,1460,1/7/85,Female,Married,US Citizen,No,White,1/10/11,1954,5/17/16,attendance,Terminated for Cause,Production       ,Production Technician I,Ketsia Liebig,Glassdoor,Needs Improvement
"Robinson, Elias",1011022887,0,4,1,1,5,5,33,17,MA,1730,1/28/85,Male,Widowed,US Citizen,No,White,7/8/13,1602,,N/A - still employed,Active,Production       ,Production Technician I,Brannon Miller,Employee Referral,Exceptional
"Roby, Lori ",1407068885,1,1,0,1,3,3,36,39.55,MA,1886,10/11/81,Female,Married,US Citizen,No,White,2/16/15,1014,,N/A - still employed,Active,IT/IS,Database Administrator,Simon Roup,Employee Referral,Fully Meets
"Roehrich, Bianca",1111030266,0,0,0,5,3,0,45,58.5,MA,2703,5/27/73,Female,Single,US Citizen,Yes,White,1/5/15,309,11/10/15,Another position,Voluntarily Terminated,IT/IS,Sr. DBA,Simon Roup,Vendor Referral,90-day meets
"Rogers, Ivan",1203032255,1,1,1,1,3,9,31,42.2,MA,1810,8/26/86,Male,Married,US Citizen,No,White,3/30/15,972,,N/A - still employed,Active,IT/IS,Database Administrator,Simon Roup,Pay Per Click - Google,N/A- too early to review
"Roper, Katie",1009919950,0,0,0,1,3,3,45,55,MA,2056,11/21/72,Female,Single,US Citizen,No,Black or African American,1/7/17,323,,N/A - still employed,Active,IT/IS,Data Architect,Brian Champaigne,Indeed,Fully Meets
"Rose, Ashley  ",710007555,0,3,0,1,5,3,43,17,MA,1886,12/5/74,Female,Separated,US Citizen,No,White,1/6/14,1420,,N/A - still employed,Active,Production       ,Production Technician I,David Stanley,Website Banner Ads,Fully Meets
"Rossetti, Bruno",1405067492,0,0,1,5,5,3,31,18,MA,2155,3/18/87,Male,Single,US Citizen,No,White,4/4/11,497,8/13/12,Another position,Voluntarily Terminated,Production       ,Production Technician I,Kissy Sullivan,Search Engine - Google Bing Yahoo,Fully Meets
"Roup,Simon",1106026933,0,0,1,1,3,3,45,62,MA,2481,4/5/73,Male,Single,US Citizen,No,White,1/20/13,1771,,N/A - still employed,Active,IT/IS,IT Manager - DB,Jennifer Zamora,Professional Society,Fully Meets
"Ruiz, Ricardo",1001175250,0,2,1,5,3,3,54,21,MA,1915,1/4/64,Male,Divorced,US Citizen,No,Two or more races,1/9/12,1395,11/4/15,hours,Voluntarily Terminated,IT/IS,IT Manager - DB,Jennifer Zamora,Diversity Job Fair,Fully Meets
"Saada, Adell",1012023185,1,1,0,1,4,3,31,49.25,MA,2132,7/24/86,Female,Married,US Citizen,No,White,11/5/12,1847,,N/A - still employed,Active,Software Engineering,Software Engineer,Alex Sweetwater,Pay Per Click - Google,Fully Meets
"Saar-Beckles, Melinda",1410070998,0,0,0,2,5,9,50,20,MA,1801,6/6/68,Female,Single,US Citizen,No,Black or African American,7/4/16,510,,N/A - Has not started yet,Future Start,Production       ,Production Technician I,Kelley Spirea,Diversity Job Fair,N/A- too early to review
"Sadki, Nore  ",1308060535,0,0,1,5,5,3,43,21,MA,2148,12/21/74,Male,Single,US Citizen,No,White,1/5/09,571,7/30/10,relocation out of area,Voluntarily Terminated,Production       ,Production Technician I,Michael Albert,Word of Mouth,Fully Meets
"Sahoo, Adil",1106026462,1,1,1,1,5,3,32,29,MA,2062,4/26/86,Male,Married,US Citizen,No,White,8/30/10,2645,,N/A - still employed,Active,Production       ,Production Technician II,Kelley Spirea,Monster.com,Fully Meets
"Salter, Jason",1111030148,0,2,1,5,3,0,30,45,MA,2452,12/17/87,Male,Divorced,US Citizen,No,Black or African American,1/5/15,299,10/31/15,hours,Voluntarily Terminated,IT/IS,Database Administrator,Simon Roup,Vendor Referral,90-day meets
"Sander, Kamrin",1302053362,1,1,0,1,5,3,29,21,MA,2154,7/10/88,Female,Married,US Citizen,No,Black or African American,9/29/14,1154,,N/A - still employed,Active,Production       ,Production Technician I,Elijiah Gray,On-campus Recruiting,Fully Meets
"Semizoglou, Jeremiah  ",904013591,1,1,1,2,3,9,35,53.8,MA,1545,2/9/83,Male,Married,US Citizen,No,Asian,6/30/16,514,,N/A - Has not started yet,Future Start,IT/IS,Sr. Network Engineer,Peter Monroe,On-campus Recruiting,N/A- too early to review
"Sewkumar, Nori",807010161,0,0,0,3,5,3,43,15.2,MA,2191,3/10/75,Female,Single,US Citizen,No,Asian,9/30/13,1518,,N/A - still employed,Leave of Absence,Production       ,Production Technician I,Webster Butler,Search Engine - Google Bing Yahoo,Fully Meets
"Shepard, Anita ",906014183,1,1,0,1,3,3,37,47,MA,1773,4/14/81,Female,Married,US Citizen,No,White,9/30/14,1153,,N/A - still employed,Active,IT/IS,Network Engineer,Peter Monroe,Vendor Referral,Fully Meets
"Shields, Seffi",1205033102,1,1,0,1,5,3,32,15,MA,2149,8/24/85,Female,Married,US Citizen,No,White,8/19/13,1560,,N/A - still employed,Active,Production       ,Production Technician I,Amy Dunn,Newspager/Magazine,Fully Meets
"Simard, Kramer",808010278,1,1,1,1,3,0,48,30.2,MA,2110,2/8/70,Male,Married,US Citizen,Yes,White,1/5/15,1056,,N/A - still employed,Active,IT/IS,Database Administrator,Simon Roup,Employee Referral,90-day meets
"Singh, Nan ",1307059817,0,0,0,1,1,9,30,16.56,MA,2330,5/19/88,Female,Single,US Citizen,No,White,5/1/15,940,,N/A - still employed,Active,Admin Offices,Administrative Assistant,Brandon R. LeBlanc,Website Banner Ads,N/A- too early to review
"Sloan, Constance",1012023103,0,0,0,5,5,3,30,23,MA,1851,11/25/87,Female,Single,US Citizen,No,White,10/26/09,1990,4/8/15,maternity leave - did not return,Voluntarily Terminated,Production       ,Production Technician II,Michael Albert,Monster.com,Fully Meets
"Smith, Jason",1009919980,0,0,1,1,3,3,34,46,MA,2045,9/4/83,Male,Single,US Citizen,No,White,2/15/17,284,,N/A - still employed,Active,IT/IS,BI Developer,Brian Champaigne,Indeed,Fully Meets
"Smith, Joe",1001970770,0,0,1,1,5,4,54,22,MA,2045,10/30/63,Male,Single,US Citizen,No,White,9/29/14,1154,,N/A - still employed,Active,Production       ,Production Technician II,Elijiah Gray,Pay Per Click - Google,Exceeds
"Smith, John",1499902910,0,2,1,1,6,2,33,56,MA,1886,8/16/84,Male,Divorced,US Citizen,No,Black or African American,5/18/14,1288,,N/A - still employed,Active,Sales,Sales Manager,Debra Houlihan,Diversity Job Fair,Needs Improvement
"Smith, Leigh Ann",711007713,1,1,0,5,1,3,30,20.5,MA,1844,6/14/87,Female,Married,US Citizen,No,Asian,9/26/11,730,9/25/13,career change,Voluntarily Terminated,Admin Offices,Administrative Assistant,Brandon R. LeBlanc,Diversity Job Fair,Fully Meets
"Smith, Sade",1501071909,0,0,0,1,5,3,53,24.5,MA,2130,2/2/65,Female,Single,US Citizen,No,White,11/11/13,1476,,N/A - still employed,Active,Production       ,Production Technician I,Ketsia Liebig,Employee Referral,Fully Meets
"Soto, Julia ",1203032263,1,1,0,1,3,3,45,27.49,MA,2360,3/12/73,Female,Married,US Citizen,No,Black or African American,6/10/11,2361,,N/A - still employed,Active,IT/IS,IT Support,Eric Dougall,Information Session,Fully Meets
"South, Joe",1308060959,0,0,1,1,3,0,52,53,CT,6278,9/9/65,Male,Single,US Citizen,No,White,11/10/14,1112,,N/A - still employed,Active,IT/IS,Sr. Network Engineer,Peter Monroe,Employee Referral,90-day meets
"Sparks, Taylor  ",1410071137,1,1,0,1,5,1,49,16,MA,2093,7/20/68,Female,Married,US Citizen,No,White,2/20/12,2106,,N/A - still employed,Active,Production       ,Production Technician I,Brannon Miller,Billboard,PIP
"Spirea, Kelley",1102024149,1,1,0,1,5,3,42,52,MA,2451,9/30/75,Female,Married,US Citizen,No,White,10/2/12,1881,,N/A - still employed,Active,Production       ,Production Manager,Janet King,Vendor Referral,Fully Meets
"Squatrito, Kristen",1405067138,0,2,0,5,5,4,45,21,MA,2359,3/26/73,Female,Divorced,US Citizen,No,White,5/13/13,777,6/29/15,unhappy,Voluntarily Terminated,Production       ,Production Technician I,David Stanley,MBTA ads,Exceeds
"Stanford,Barbara  M",1111030244,0,2,0,1,5,3,35,14,MA,2050,8/25/82,Female,Divorced,US Citizen,No,Two or more races,1/10/11,2512,,N/A - still employed,Active,Production       ,Production Technician I,Kissy Sullivan,Word of Mouth,Fully Meets
"Stanley, David ",1000974650,0,2,1,1,5,2,42,53,MA,1803,12/17/75,Male,Divorced,US Citizen,No,White,7/20/10,2686,,N/A - still employed,Active,Production       ,Production Manager,Janet King,Monster.com,Needs Improvement
"Steans, Tyrone  ",1302053333,0,0,1,1,1,3,31,29,MA,2703,9/1/86,Male,Single,US Citizen,No,White,9/29/14,1154,,N/A - still employed,Active,Admin Offices,Accountant I,Brandon R. LeBlanc,Internet Search,Fully Meets
"Stoica, Rick",1106026896,1,1,1,1,5,3,33,22,MA,2301,3/14/85,Male,Married,US Citizen,No,Asian,2/17/14,1378,,N/A - still employed,Active,Production       ,Production Technician I,Kelley Spirea,On-campus Recruiting,Fully Meets
"Strong, Caitrin",1411071295,1,1,0,1,6,3,29,54,MT,59102,5/12/89,Female,Married,US Citizen,No,Black or African American,9/27/10,2617,,N/A - still employed,Active,Sales,Area Sales Manager,John Smith,Professional Society,Fully Meets
"Sullivan, Kissy ",1405067298,1,1,0,1,5,3,40,55,MA,1776,3/28/78,Female,Married,US Citizen,No,Black or African American,1/8/09,3244,,N/A - still employed,Active,Production       ,Production Manager,Janet King,Billboard,Fully Meets
"Sullivan, Timothy",1201031310,1,1,1,1,5,0,35,19,MA,2747,10/7/82,Male,Married,US Citizen,Yes,White,1/5/15,1056,,N/A - still employed,Active,Production       ,Production Technician I,Michael Albert,Word of Mouth,90-day meets
"Sutwell, Barbara",1407069061,0,0,0,1,5,3,49,14,MA,2718,8/15/68,Female,Single,Eligible NonCitizen,No,Asian,5/14/12,2022,,N/A - still employed,Active,Production       ,Production Technician I,Elijiah Gray,Glassdoor,Fully Meets
"Sweetwater, Alex",1001644719,0,0,1,1,4,3,51,27,MA,2184,11/22/66,Male,Single,US Citizen,No,White,8/15/11,2295,,N/A - still employed,Active,Software Engineering,Software Engineering Manager,Jennifer Zamora,Search Engine - Google Bing Yahoo,Fully Meets
"Szabo, Andrew",1201031324,0,0,1,1,4,5,35,48,MA,2140,5/6/83,Male,Single,US Citizen,No,White,7/7/14,1238,,N/A - still employed,Active,Software Engineering,Software Engineer,Alex Sweetwater,MBTA ads,Exceptional
"Tavares, Desiree  ",1405067501,1,1,0,5,5,3,43,15,MA,1801,4/3/75,Female,Married,Non-Citizen,No,Two or more races,4/27/09,1435,4/1/13,Another position,Voluntarily Terminated,Production       ,Production Technician I,Webster Butler,Diversity Job Fair,Fully Meets
"Tejeda, Lenora ",1406068345,1,1,0,5,5,3,65,28.75,MA,2129,5/24/53,Female,Married,US Citizen,No,White,5/16/11,419,7/8/12,Another position,Voluntarily Terminated,Production       ,Production Technician II,Elijiah Gray,Search Engine - Google Bing Yahoo,Fully Meets
"Terry, Sharlene ",1401064637,0,0,0,1,6,3,53,55,OR,97756,5/7/65,Female,Single,US Citizen,No,Black or African American,9/29/14,1154,,N/A - still employed,Active,Sales,Area Sales Manager,Lynn Daneault,Monster.com,Fully Meets
"Theamstern, Sophia",1404066739,0,0,0,5,5,9,53,20,MA,2066,5/9/65,Female,Single,US Citizen,No,White,7/5/11,62,9/5/11,return to school,Voluntarily Terminated,Production       ,Production Technician I,Amy Dunn,Billboard,N/A- too early to review
"Thibaud, Kenneth",1011022777,0,4,1,5,5,3,42,23,MA,2472,9/16/75,Male,Widowed,US Citizen,No,White,6/25/07,1162,8/30/10,military,Voluntarily Terminated,Production       ,Production Technician II,Webster Butler,Pay Per Click - Google,Fully Meets
"Tinto, Theresa  ",1103024504,0,2,0,5,5,0,34,20,MA,1876,7/30/83,Female,Divorced,US Citizen,No,White,1/10/11,124,5/14/11,Another position,Voluntarily Terminated,Production       ,Production Technician I,Ketsia Liebig,Social Networks - Facebook Twitter etc,90-day meets
"Tippett, Jeanette",1409070255,0,2,0,1,5,3,51,24,MA,2093,6/5/67,Female,Divorced,US Citizen,No,Black or African American,2/18/13,1742,,N/A - still employed,Active,Production       ,Production Technician I,Brannon Miller,Billboard,Fully Meets
"Trang, Mei",1012023152,0,0,0,1,5,9,35,22,MA,2021,5/16/83,Female,Single,US Citizen,No,White,2/17/14,1378,,N/A - still employed,Active,Production       ,Production Technician I,David Stanley,Professional Society,N/A- too early to review
"Tredinnick, Neville ",1104025466,1,1,1,5,3,3,30,28,MA,1420,5/5/88,Male,Married,US Citizen,No,White,1/5/15,127,5/12/15,medical issues,Voluntarily Terminated,IT/IS,Network Engineer,Peter Monroe,Monster.com,Fully Meets
"True, Edward",1102024057,0,0,1,5,4,3,34,45.42,MA,2451,6/14/83,Male,Single,Non-Citizen,No,Black or African American,2/18/13,421,4/15/14,medical issues,Voluntarily Terminated,Software Engineering,Software Engineer,Alex Sweetwater,Diversity Job Fair,Fully Meets
"Trzeciak, Cybil",1107027551,0,0,0,5,5,3,33,22,MA,1778,3/15/85,Female,Single,US Citizen,No,White,1/10/11,539,7/2/12,unhappy,Voluntarily Terminated,Production       ,Production Technician II,Amy Dunn,Vendor Referral,Fully Meets
"Turpin, Jumil",1411071506,1,1,1,1,3,9,49,49.1,MA,2343,3/31/69,Male,Married,Eligible NonCitizen,No,White,3/30/15,972,,N/A - still employed,Active,IT/IS,Network Engineer,Peter Monroe,Employee Referral,N/A- too early to review
"Valentin,Jackie",1312063714,1,1,0,1,6,3,27,55,AZ,85006,5/23/91,Female,Married,US Citizen,No,Two or more races,7/5/11,2336,,N/A - still employed,Active,Sales,Area Sales Manager,John Smith,Other,Fully Meets
"Veera, Abdellah ",1203032235,0,2,1,5,5,4,31,19,MA,2171,1/31/87,Male,Divorced,US Citizen,No,White,8/13/12,1271,2/5/16,maternity leave - did not return,Voluntarily Terminated,Production       ,Production Technician I,Kissy Sullivan,Information Session,Exceeds
"Villanueva, Noah",1111030503,0,0,1,1,6,3,28,56,ME,4063,7/11/89,Male,Single,US Citizen,No,Asian,3/5/12,2092,,N/A - still employed,Active,Sales,Area Sales Manager,John Smith,Website Banner Ads,Fully Meets
"Volk, Colleen",1011022814,1,1,0,4,5,4,32,21,MA,2747,6/3/86,Female,Married,US Citizen,No,White,9/26/11,1596,2/8/16,gross misconduct,Terminated for Cause,Production       ,Production Technician I,Kelley Spirea,Social Networks - Facebook Twitter etc,Exceeds
"Von Massenbach, Anna",1106026474,0,0,0,2,5,9,33,20,MA,2124,4/6/85,Female,Single,US Citizen,No,White,7/5/15,875,,N/A - Has not started yet,Future Start,Production       ,Production Technician I,Michael Albert,Newspager/Magazine,N/A- too early to review
"Walker, Roger",1011022818,0,0,1,1,5,3,42,22,MA,2459,2/10/76,Male,Single,US Citizen,No,Black or African American,8/18/14,1196,,N/A - still employed,Active,Production       ,Production Technician II,Ketsia Liebig,Employee Referral,Fully Meets
"Wallace, Courtney  E",1410071026,1,1,0,5,5,3,62,33.5,MA,2478,11/14/55,Female,Married,US Citizen,No,Black or African American,9/26/11,98,1/2/12,Another position,Voluntarily Terminated,Production       ,Production Manager,Janet King,Diversity Job Fair,Fully Meets
"Wallace, Theresa",1101023619,0,0,0,5,5,2,37,15,MA,1887,8/2/80,Female,Single,US Citizen,No,White,8/13/12,1114,9/1/15,career change,Voluntarily Terminated,Production       ,Production Technician I,Elijiah Gray,Monster.com,Needs Improvement
"Wang, Charlie",1009919970,0,0,1,1,3,3,36,51,MA,1887,7/8/81,Male,Single,US Citizen,No,Asian,2/15/17,284,,N/A - still employed,Active,IT/IS,Senior BI Developer,Brian Champaigne,Indeed,Fully Meets
"Warfield, Sarah",1301052347,0,4,0,1,3,9,40,55.2,MA,2453,5/2/78,Female,Widowed,US Citizen,No,Asian,3/30/15,972,,N/A - still employed,Active,IT/IS,Sr. Network Engineer,Peter Monroe,Employee Referral,N/A- too early to review
"Westinghouse, Matthew",1009919990,1,1,1,1,3,3,30,45,MA,2134,10/24/87,Male,Married,US Citizen,No,White,4/20/17,220,,N/A - still employed,Active,IT/IS,BI Developer,Brian Champaigne,Indeed,Fully Meets
"Whittier, Scott",1307060212,0,0,1,5,5,0,31,23,MA,2030,5/24/87,Male,Single,US Citizen,Yes,White,1/10/11,125,5/15/11,hours,Voluntarily Terminated,Production       ,Production Technician I,Webster Butler,Newspager/Magazine,90-day meets
"Wilber, Barry",1101023839,1,1,1,5,5,3,52,21,MA,2324,9/9/65,Male,Married,Eligible NonCitizen,No,White,5/16/11,1575,9/7/15,unhappy,Voluntarily Terminated,Production       ,Production Technician I,Amy Dunn,Website Banner Ads,Fully Meets
"Williams, Jacquelyn  ",1308060671,0,0,0,5,5,3,48,16,MA,2109,10/2/69,Female,Single,US Citizen,Yes,Two or more races,1/9/12,1265,6/27/15,relocation out of area,Voluntarily Terminated,Production       ,Production Technician I,Ketsia Liebig,Diversity Job Fair,Fully Meets
"Winthrop, Jordan  ",1405067188,0,0,1,5,5,4,59,29,MA,2045,11/7/58,Male,Single,US Citizen,No,White,1/7/13,1140,2/21/16,retiring,Voluntarily Terminated,Production       ,Production Technician II,Brannon Miller,Professional Society,Exceeds
"Wolk, Hang  T",1205033180,0,0,0,1,5,3,33,22,MA,2302,4/20/85,Female,Single,US Citizen,No,White,9/29/14,1154,,N/A - still employed,Active,Production       ,Production Technician II,David Stanley,Newspager/Magazine,Fully Meets
"Woodson, Jason",1012023010,0,0,1,1,5,3,33,24.25,MA,1810,5/11/85,Male,Single,US Citizen,No,White,7/7/14,1238,,N/A - still employed,Active,Production       ,Production Technician II,Kissy Sullivan,Vendor Referral,Fully Meets
"Ybarra, Catherine ",1001268402,0,0,0,5,5,1,36,22,MA,2458,5/4/82,Female,Single,US Citizen,No,Asian,9/2/08,2583,9/29/15,Another position,Voluntarily Terminated,Production       ,Production Technician I,Brannon Miller,Search Engine - Google Bing Yahoo,PIP
"Zamora, Jennifer",1112030816,0,0,0,1,3,5,38,65,MA,2067,8/30/79,Female,Single,US Citizen,No,White,4/10/10,2787,,N/A - still employed,Active,IT/IS,CIO,Janet King,Employee Referral,Exceptional
"Zhou, Julia",1110029732,0,0,0,1,3,0,39,31.4,MA,2148,2/24/79,Female,Single,US Citizen,No,White,3/30/15,972,,N/A - still employed,Active,IT/IS,Database Administrator,Simon Roup,Employee Referral,90-day meets
"Zima, Colleen",1211051232,0,4,0,1,5,3,39,15,MA,1730,8/17/78,Female,Widowed,US Citizen,No,Asian,9/29/14,1154,,N/A - still employed,Active,Production       ,Production Technician I,David Stanley,On-campus Recruiting,Fully Meets