Employee_Name,EmpID,MarriedID,MaritalStatusID,GenderID,EmpStatusID,DeptID,PerfScoreID,FromDiversityJobFairID,PayRate,Termd,PositionID,Position,State,Zip,DOB,Sex,MaritalDesc,CitizenDesc,HispanicLatino,RaceDesc,DateofHire,DateofTermination,TermReason,EmploymentStatus,Department,ManagerName,ManagerID,RecruitmentSource,PerformanceScore,EngagementSurvey,EmpSatisfaction,SpecialProjectsCount,LastPerformanceReview_Date,DaysLateLast30
"Adinolfi, Wilson  K",1409070522,0,0,1,1,5,4,0,20,0,19,Production Technician I,MA,1960,7/10/83,M ,Single,US Citizen,No,White,7/5/11,,N/A - still employed,Active,Production       ,Michael Albert,22,MBTA ads,Exceeds,2.51,5,0,1/17/19,0
"Ait Sidi, Karthikeyan   ",1307060199,1,1,1,5,3,3,0,62,1,27,Sr. DBA,MA,2148,5/5/75,M ,Married,US Citizen,No,White,3/30/15,6/16/16,career change,Voluntarily Terminated,IT/IS,Simon Roup,4,Company Intranet - Partner,Fully Meets,4.96,3,6,,
"Akinkuolie, Sarah",1005019209,1,1,0,5,5,3,0,29,1,20,Production Technician II,MA,1810,9/19/88,F,Married,US Citizen,No,White,7/5/11,9/24/12,hours,Voluntarily Terminated,Production       ,Kissy Sullivan,20,Newspager/Magazine,Fully Meets,3.02,3,0,,
"Alagbe,Trina",1011022883,1,1,0,1,5,3,0,21,0,19,Production Technician I,MA,1886,9/27/88,F,Married,US Citizen,No,White,1/7/08,,N/A - still employed,Active,Production       ,Elijiah Gray,16,Billboard,Fully Meets,4.84,5,0,1/3/19,0
"Albert, Michael  ",1501072311,0,2,1,1,5,3,0,54.5,0,17,Production Manager,MA,2169,10/10/68,M ,Divorced,US Citizen,No,White,8/1/11,,N/A - still employed,Active,Production       ,Janet King,2,Employee Referral,Fully Meets,3.93,3,0,2/27/19,0
"Anderson, Carol ",1001417624,0,2,0,5,5,3,0,16,1,19,Production Technician I,MA,2169,9/8/89,F,Divorced,US Citizen,No,White,7/11/11,9/6/11,return to school,Voluntarily Terminated,Production       ,Webster Butler,39,Word of Mouth,Fully Meets,5,4,0,,
"Anderson, Linda  ",1304055947,0,0,0,1,5,4,0,23,0,19,Production Technician I,MA,1844,5/22/77,F,Single,US Citizen,No,White,1/9/12,,N/A - still employed,Active,Production       ,Amy Dunn,11,MBTA ads,Exceeds,5,5,0,1/7/19,0
"Andreola, Colby",1107027358,0,0,0,1,4,3,0,47.6,0,24,Software Engineer,MA,2110,5/24/79,F,Single,US Citizen,No,White,11/10/14,,N/A - still employed,Active,Software Engineering,Alex Sweetwater,10,Vendor Referral,Fully Meets,3.04,3,4,1/2/19,0
"Athwal, Sam",1301052124,0,4,1,1,5,3,0,22,0,19,Production Technician I,MA,2199,2/18/83,M ,Widowed,US Citizen,No,White,9/30/13,,N/A - still employed,Active,Production       ,Ketsia Liebig,19,Employee Referral,Fully Meets,5,4,0,2/25/19,0
"Bachiochi, Linda",1212051409,0,0,0,3,5,3,1,22,0,19,Production Technician I,MA,1902,2/11/70,F,Single,US Citizen,No,Two or more races,7/6/09,,N/A - still employed,Leave of Absence,Production       ,Brannon Miller,12,Diversity Job Fair,Fully Meets,4.46,3,0,1/25/19,0
"Bacong, Alejandro ",1212052023,0,2,1,1,3,3,0,45,0,14,IT Support,MA,1886,1/7/88,M ,Divorced,US Citizen,No,White,1/5/15,,N/A - still employed,Active,IT/IS,Peter Monroe,7,Glassdoor,Fully Meets,1.84,5,6,2/18/19,0
"Baczenski, Rachael  ",1307060083,1,1,0,5,5,3,1,17,1,19,Production Technician I,MA,1902,1/12/74,F,Married,US Citizen,Yes,Hispanic,1/10/11,1/12/11,Another position,Voluntarily Terminated,Production       ,David Stanley,14,Diversity Job Fair,Fully Meets,1.79,4,0,,
"Barbara, Thomas",1312063507,1,1,1,5,5,3,1,22,1,19,Production Technician I,MA,2062,2/21/74,M ,Married,US Citizen,Yes,Asian,4/2/12,9/19/12,unhappy,Voluntarily Terminated,Production       ,Kissy Sullivan,20,Diversity Job Fair,Fully Meets,1.98,3,0,,
"Barone, Francesco  A",1101023679,0,0,1,1,5,3,0,16.76,0,19,Production Technician I,MA,1810,7/20/83,M ,Single,US Citizen,No,Two or more races,2/20/12,,N/A - still employed,Active,Production       ,Kelley Spirea,18,Social Networks - Facebook Twitter etc,Fully Meets,1.41,4,0,2/14/19,0
"Barton, Nader",1212051962,0,2,1,5,5,3,0,18,1,19,Production Technician I,MA,2747,7/15/77,M ,Divorced,US Citizen,No,White,9/24/12,4/6/13,Another position,Voluntarily Terminated,Production       ,Michael Albert,22,On-line Web application,Fully Meets,5,5,0,,
"Beak, Kimberly  ",1303054329,1,1,0,2,5,4,0,27,0,20,Production Technician II,MA,2145,4/17/66,F,Married,US Citizen,No,White,7/21/16,,N/A - Has not started yet,Future Start,Production       ,Kelley Spirea,18,Employee Referral,Exceeds,2.7,3,0,1/14/19,0
"Beatrice, Courtney ",1403066194,0,0,0,1,5,3,0,22,0,19,Production Technician I,MA,1915,10/27/70,F,Single,Eligible NonCitizen,No,White,4/4/11,,N/A - still employed,Active,Production       ,Elijiah Gray,16,Search Engine - Google Bing Yahoo,Fully Meets,5,5,0,1/14/19,0
"Becker, Renee",1102024056,0,0,0,4,3,3,0,43,1,8,Database Administrator,MA,2026,4/4/86,F,Single,US Citizen,Yes,White,7/7/14,9/12/15,performance,Terminated for Cause,IT/IS,Simon Roup,4,Search Engine - Google Bing Yahoo,Fully Meets,1.87,4,5,,
"Becker, Scott",1110029777,0,0,1,3,5,3,0,17,0,19,Production Technician I,MA,2452,4/6/79,M ,Single,US Citizen,No,Asian,7/8/13,,N/A - still employed,Leave of Absence,Production       ,Webster Butler,,MBTA ads,Fully Meets,1.09,4,0,1/11/19,0
"Bernstein, Sean",1109029366,0,0,1,1,5,3,0,16,0,19,Production Technician I,MA,2072,12/22/70,M ,Single,US Citizen,Yes,White,4/2/12,,N/A - still employed,Active,Production       ,Amy Dunn,11,Word of Mouth,Fully Meets,5,3,0,1/14/19,0
"Biden, Lowan  M",1412071844,0,2,0,1,5,3,0,22,0,19,Production Technician I,MA,2027,12/27/58,F,Divorced,US Citizen,No,Asian,8/19/13,,N/A - still employed,Active,Production       ,Ketsia Liebig,19,Billboard,Fully Meets,2.39,3,0,1/10/19,0
"Billis, Helen",1308060366,1,1,0,1,5,4,0,16,0,19,Production Technician I,MA,2031,9/1/89,F,Married,US Citizen,No,White,7/7/14,,N/A - still employed,Active,Production       ,Brannon Miller,12,Professional Society,Exceeds,5,3,0,2/27/19,0
"Blount, Dianna",1403066125,0,0,0,1,5,2,0,27,0,20,Production Technician II,MA,2171,9/21/90,F,Single,US Citizen,No,White,4/4/11,,N/A - still employed,Active,Production       ,Michael Albert,22,Monster.com,Needs Improvement,1.16,3,0,2/27/19,0
"Bondwell, Betsy",1008021030,0,0,0,5,5,3,0,26,1,20,Production Technician II,MA,2210,1/16/67,F,Single,US Citizen,No,White,1/10/11,4/4/14,career change,Voluntarily Terminated,Production       ,Elijiah Gray,16,Search Engine - Google Bing Yahoo,Fully Meets,1.38,5,0,,
"Boutwell, Bonalyn",1307060188,1,1,0,1,1,3,1,34.95,0,26,Sr. Accountant,MA,2468,4/4/87,F,Married,US Citizen,No,Asian,2/16/15,,N/A - still employed,Active,Admin Offices,Brandon R. LeBlanc,3,Diversity Job Fair,Fully Meets,5,4,3,2/18/19,0
"Bozzi, Charles",1303054580,0,0,1,5,5,3,0,50.5,1,18,Production Manager,MA,1901,3/10/70,M ,Single,US Citizen,No,Asian,9/30/13,8/7/14,retiring,Voluntarily Terminated,Production       ,Janet King,2,Billboard,Fully Meets,3.39,3,0,,
"Bramante, Elisa",1006020066,0,0,0,1,5,4,0,60,0,10,Director of Operations,MA,2030,3/19/83,F,Single,US Citizen,No,Black or African American,1/5/09,,N/A - still employed,Active,Production       ,Janet King,2,Other,Exceeds,3.02,5,0,2/4/19,0
"Brill, Donna",1406068293,1,1,0,5,5,3,0,20,1,19,Production Technician I,MA,1701,8/24/90,F,Married,US Citizen,No,White,4/2/12,6/15/13,Another position,Voluntarily Terminated,Production       ,David Stanley,14,Search Engine - Google Bing Yahoo,Fully Meets,3.35,4,0,,
"Brown, Mia",1103024456,1,1,0,1,1,3,1,28.5,0,1,Accountant I,MA,1450,11/24/87,F,Married,US Citizen,No,Black or African American,10/27/08,,N/A - still employed,Active,Admin Offices,Brandon R. LeBlanc,1,Diversity Job Fair,Fully Meets,2.04,2,6,1/15/19,0
"Buccheri, Joseph  ",1101023457,0,0,1,1,5,3,0,22,0,20,Production Technician II,MA,1013,7/28/83,M ,Single,US Citizen,No,White,9/29/14,,N/A - still employed,Active,Production       ,Webster Butler,,Word of Mouth,Fully Meets,3.19,3,0,2/1/19,0
"Buck, Edward",1504073313,1,1,1,1,6,3,0,55,0,3,Area Sales Manager,MA,2330,7/7/75,M ,Married,US Citizen,No,White,9/29/14,,N/A - still employed,Active,Sales,Lynn Daneault,21,Employee Referral,Fully Meets,3.31,5,0,1/28/19,0
"Bugali, Josephine ",1408069635,0,3,0,3,5,3,1,20,0,19,Production Technician I,MA,2043,10/30/69,F,Separated,US Citizen,No,Black or African American,11/11/13,,N/A - still employed,Leave of Absence,Production       ,Kissy Sullivan,20,Diversity Job Fair,Fully Meets,2.83,5,0,1/21/19,0
"Bunbury, Jessica",1504073368,1,1,0,5,6,3,0,55,1,3,Area Sales Manager,VA,21851,6/1/64,F,Married,Eligible NonCitizen,No,Black or African American,8/15/11,8/2/14,Another position,Voluntarily Terminated,Sales,John Smith,17,Social Networks - Facebook Twitter etc,Fully Meets,3.14,5,0,,
"Burke, Joelle",1011022820,0,0,0,1,5,3,0,25,0,20,Production Technician II,MA,2148,3/2/80,F,Single,US Citizen,No,Black or African American,3/5/12,,N/A - still employed,Active,Production       ,Amy Dunn,11,Employee Referral,Fully Meets,4.51,4,0,2/21/19,0
"Burkett, Benjamin ",1301052449,1,1,1,1,5,3,0,26,0,20,Production Technician II,MA,1890,8/19/77,M ,Married,US Citizen,No,White,4/4/11,,N/A - still employed,Active,Production       ,Ketsia Liebig,19,Careerbuilder,Fully Meets,3.25,5,0,1/14/19,0
"Butler, Webster  L",1110029990,0,0,1,1,5,4,0,55,0,18,Production Manager,MA,2169,8/9/83,M ,Single,US Citizen,No,White,1/28/16,,N/A - still employed,Active,Production       ,Janet King,2,Pay Per Click - Google,Exceeds,5,3,0,2/22/19,0
"Carabbio, Judith",1101023577,0,0,0,1,4,3,0,56,0,24,Software Engineer,MA,2132,4/5/87,F,Single,US Citizen,No,White,11/11/13,,N/A - still employed,Active,Software Engineering,Alex Sweetwater,10,Pay Per Click - Google,Fully Meets,4.96,4,6,1/30/19,0
"Carey, Michael  ",1311063114,0,0,1,1,5,3,0,20,0,19,Production Technician I,MA,1701,2/2/83,M ,Single,US Citizen,No,Black or African American,3/31/14,,N/A - still employed,Active,Production       ,Kelley Spirea,18,MBTA ads,Fully Meets,4.43,3,0,2/1/19,0
"Carr, Claudia  N",1010022337,0,0,0,2,3,3,0,61.3,0,27,Sr. DBA,MA,1886,6/6/86,F,Single,US Citizen,No,Black or African American,6/30/16,,N/A - Has not started yet,Future Start,IT/IS,Simon Roup,4,Vendor Referral,Fully Meets,5,5,6,2/18/19,0
"Carter, Michelle ",1403065721,0,0,0,1,6,3,0,55,0,3,Area Sales Manager,VT,5664,5/15/63,F,Single,US Citizen,No,White,8/18/14,,N/A - still employed,Active,Sales,John Smith,17,Billboard,Fully Meets,5,5,0,1/21/19,0
"Chace, Beatrice ",1208048062,0,0,0,1,5,3,0,16,0,19,Production Technician I,MA,2763,1/2/51,F,Single,US Citizen,No,White,9/29/14,,N/A - still employed,Active,Production       ,Michael Albert,22,Search Engine - Google Bing Yahoo,Fully Meets,5,4,0,2/12/19,0
"Champaigne, Brian",1009919920,1,1,1,1,3,3,0,63.5,0,5,BI Director,MA,2045,2/9/72,M ,Married,US Citizen,No,White,9/6/16,,N/A - still employed,Active,IT/IS,Jennifer Zamora,5,Professional Society,Fully Meets,4.5,5,7,1/15/19,0
"Chan, Lin",1305057282,0,0,0,1,5,3,0,19.5,0,19,Production Technician I,MA,2170,2/12/79,F,Single,US Citizen,No,White,5/12/14,,N/A - still employed,Active,Production       ,Elijiah Gray,16,Internet Search,Fully Meets,2.73,4,0,2/19/19,0
"Chang, Donovan  E",1111030129,0,0,1,1,5,3,0,22,0,19,Production Technician I,MA,1845,8/24/83,M ,Single,US Citizen,No,White,7/8/13,,N/A - still employed,Active,Production       ,Webster Butler,,Newspager/Magazine,Fully Meets,3.8,5,0,1/14/19,0
"Chivukula, Enola",1101023394,0,0,0,5,5,3,0,21,1,19,Production Technician I,MA,1775,8/27/83,F,Single,US Citizen,No,White,6/27/11,11/15/15,relocation out of area,Voluntarily Terminated,Production       ,Amy Dunn,11,Other,Fully Meets,2,4,0,,
"Cierpiszewski, Caroline  ",1012023295,0,0,0,1,5,3,0,22,0,19,Production Technician I,MA,2044,5/31/88,F,Single,Non-Citizen,No,Black or African American,10/3/11,,N/A - still employed,Active,Production       ,Ketsia Liebig,19,Pay Per Click - Google,Fully Meets,3.58,5,0,1/30/19,0
"Cisco, Anthony",1102024173,1,1,1,1,3,3,0,42,0,14,IT Support,MA,2135,11/24/89,M ,Married,US Citizen,Yes,White,3/30/15,,N/A - still employed,Active,IT/IS,Peter Monroe,7,Information Session,Fully Meets,2.21,5,7,1/10/19,0
"Clayton, Rick",1301052902,0,0,1,1,3,3,0,28.99,0,14,IT Support,MA,2170,9/5/85,M ,Single,US Citizen,No,White,9/5/12,,N/A - still employed,Active,IT/IS,Eric Dougall,6,Glassdoor,Fully Meets,2.55,3,6,2/27/19,0
"Cloninger, Jennifer",1012023226,1,1,0,5,5,3,0,25,1,20,Production Technician II,MA,1752,8/31/81,F,Married,US Citizen,No,White,5/16/11,1/7/13,unhappy,Voluntarily Terminated,Production       ,Brannon Miller,12,Word of Mouth,Fully Meets,1.16,5,0,,
"Close, Phil",1209048697,1,1,1,5,5,3,0,26,1,20,Production Technician II,MA,2169,11/25/78,M ,Married,US Citizen,No,White,8/30/10,9/26/11,career change,Voluntarily Terminated,Production       ,David Stanley,14,Other,Fully Meets,1.3,4,0,,
"Clukey, Elijian",1407069280,1,1,1,2,5,4,0,24.75,0,19,Production Technician I,MA,2134,8/26/80,M ,Married,US Citizen,No,White,7/6/16,,N/A - Has not started yet,Future Start,Production       ,Brannon Miller,12,Employee Referral,Exceeds,1.97,4,0,2/28/19,0
"Cockel, James",1599991009,0,0,1,1,5,3,0,15,0,19,Production Technician I,MA,2452,9/8/77,M ,Single,US Citizen,No,White,7/8/13,,N/A - still employed,Active,Production       ,David Stanley,14,Employee Referral,Fully Meets,1.51,5,0,1/14/19,0
"Cole, Spencer",1001450968,0,0,1,4,5,2,0,15,1,19,Production Technician I,MA,1880,8/12/79,M ,Single,US Citizen,No,Black or African American,7/11/11,9/23/12,performance,Terminated for Cause,Production       ,Kissy Sullivan,20,MBTA ads,Needs Improvement,1.42,3,0,,
"Cornett, Lisa ",1403066069,1,1,0,1,5,3,0,15.75,0,19,Production Technician I,MA,2189,3/31/77,F,Married,US Citizen,Yes,White,1/5/15,,N/A - still employed,Active,Production       ,Kelley Spirea,18,Billboard,Fully Meets,4.73,5,0,2/14/19,0
"Costa, Latia",1409070567,0,0,0,1,6,4,0,55,0,3,Area Sales Manager,CA,90007,11/8/88,F,Single,US Citizen,No,White,1/10/11,,N/A - still employed,Active,Sales,Lynn Daneault,21,Other,Exceeds,4.77,5,0,1/27/19,0
"Crimmings,   Jean",1311063172,0,0,0,2,5,3,0,19.75,0,19,Production Technician I,MA,1821,4/10/87,F,Single,US Citizen,No,White,7/6/16,,N/A - Has not started yet,Future Start,Production       ,Michael Albert,22,Newspager/Magazine,Fully Meets,4.12,5,0,1/28/19,0
"Daneault, Lynn",1402065303,0,0,0,1,6,3,0,54,0,21,Sales Manager,VT,5473,4/19/90,F,Single,US Citizen,No,White,5/5/14,,N/A - still employed,Active,Sales,Debra Houlihan,15,Pay Per Click - Google,Fully Meets,4.62,4,0,1/24/19,0
"Daniele, Ann  ",1411071312,1,1,0,3,3,3,0,54.1,0,28,Sr. Network Engineer,CT,6033,1/18/52,F,Married,US Citizen,No,White,11/10/14,,N/A - still employed,Leave of Absence,IT/IS,Peter Monroe,7,Vendor Referral,Fully Meets,1.55,5,8,2/12/19,0
"Darson, Jene'ya ",1001109612,1,1,0,1,5,3,0,15,0,19,Production Technician I,MA,2110,11/5/78,F,Married,US Citizen,No,White,7/2/12,,N/A - still employed,Active,Production       ,Elijiah Gray,16,Billboard,Fully Meets,5,3,0,2/25/19,0
"Davis, Daniel",1201031274,0,0,1,1,5,3,0,25,0,20,Production Technician II,MA,2458,9/14/79,M ,Single,Eligible NonCitizen,No,Two or more races,11/7/11,,N/A - still employed,Active,Production       ,Kissy Sullivan,20,Newspager/Magazine,Fully Meets,3.96,4,0,2/27/19,0
"DeGweck,  James",1306058816,1,1,1,5,5,3,0,23.5,1,19,Production Technician I,MA,1810,10/31/77,M ,Married,US Citizen,No,White,5/16/11,6/8/15,unhappy,Voluntarily Terminated,Production       ,Webster Butler,39,Billboard,Fully Meets,5,4,0,,
"Del Bosque, Keyla",1203032498,0,0,0,1,4,3,0,57.12,0,24,Software Engineer,MA,2176,7/5/79,F,Single,US Citizen,No,Black or African American,1/9/12,,N/A - still employed,Active,Software Engineering,Alex Sweetwater,10,Monster.com,Fully Meets,3.79,5,5,1/25/19,0
"Demita, Carla",1104025179,0,3,0,5,5,3,0,29,1,20,Production Technician II,MA,2343,2/25/51,F,Separated,US Citizen,No,Black or African American,4/4/11,11/4/15,more money,Voluntarily Terminated,Production       ,Kelley Spirea,18,Search Engine - Google Bing Yahoo,Fully Meets,4.62,5,0,,
"Desimone, Carl ",1501072124,1,1,1,1,5,1,0,20,0,19,Production Technician I,MA,2061,4/19/67,M ,Married,US Citizen,No,White,7/7/14,,N/A - still employed,Active,Production       ,Amy Dunn,11,Professional Society,PIP,1.12,2,0,1/31/19,0
"Dickinson, Geoff ",706006285,0,0,1,1,5,3,0,21,0,19,Production Technician I,MA,2180,11/15/82,M ,Single,US Citizen,No,White,5/12/14,,N/A - still employed,Active,Production       ,Ketsia Liebig,19,Pay Per Click - Google,Fully Meets,1.13,4,0,2/19/19,0
"Dietrich, Jenna  ",1408069481,0,0,0,1,6,1,0,55,0,3,Area Sales Manager,WA,98052,5/14/87,F,Single,US Citizen,Yes,White,2/20/12,,N/A - still employed,Active,Sales,John Smith,17,Website Banner Ads,PIP,2.3,1,0,1/29/19,0
"Digitale, Alfred",1306059197,1,1,1,1,6,3,0,56,0,3,Area Sales Manager,NH,3062,9/14/88,M ,Married,US Citizen,No,American Indian or Alaska Native,8/18/14,,N/A - still employed,Active,Sales,John Smith,17,Pay Per Click - Google,Fully Meets,3.6,5,0,1/30/19,0
"DiNocco, Lily ",1209048696,1,1,0,1,5,2,0,22,0,19,Production Technician I,MA,2351,12/2/78,F,Married,US Citizen,No,Black or African American,1/7/13,,N/A - still employed,Active,Production       ,Brannon Miller,12,Pay Per Click - Google,Needs Improvement,3.88,4,0,1/18/19,0
"Dobrin, Denisa  S",1202031618,0,0,0,1,5,3,0,16.75,0,19,Production Technician I,MA,2125,10/7/86,F,Single,US Citizen,Yes,White,4/2/12,,N/A - still employed,Active,Production       ,David Stanley,14,Monster.com,Fully Meets,2.79,5,0,2/19/19,0
"Dolan, Linda",1101023540,1,1,0,1,3,3,0,37,0,14,IT Support,MA,2119,7/18/88,F,Married,US Citizen,No,White,1/5/15,,N/A - still employed,Active,IT/IS,Peter Monroe,7,Employee Referral,Fully Meets,4.11,4,6,2/25/19,0
"Dougall, Eric",1101023754,0,0,1,1,3,4,0,64,0,13,IT Manager - Support,MA,1886,7/9/70,M ,Single,US Citizen,No,White,1/5/14,,N/A - still employed,Active,IT/IS,Jennifer Zamora,5,Professional Society,Exceeds,1.99,5,5,1/4/19,0
"Dunn, Amy  ",1409070147,0,0,0,1,5,3,0,51,0,18,Production Manager,MA,1731,11/28/73,F,Single,US Citizen,No,White,9/18/14,,N/A - still employed,Active,Production       ,Janet King,2,Search Engine - Google Bing Yahoo,Fully Meets,4.52,4,0,1/15/19,0
"Eaton, Marianne",1406067865,1,1,0,5,5,3,0,17,1,19,Production Technician I,MA,2343,9/5/91,F,Married,US Citizen,No,White,4/4/11,6/6/13,military,Voluntarily Terminated,Production       ,Kissy Sullivan,20,Search Engine - Google Bing Yahoo,Fully Meets,5,3,0,,
"Engdahl, Jean",1007020403,0,0,1,1,5,3,0,21.25,0,19,Production Technician I,MA,2026,5/31/74,M ,Single,US Citizen,No,White,11/10/14,,N/A - still employed,Active,Production       ,Kelley Spirea,18,MBTA ads,Fully Meets,1.86,5,0,2/13/19,0
"England, Rex",1101023612,1,1,1,1,5,3,0,21,0,19,Production Technician I,MA,2045,8/25/78,M ,Married,US Citizen,No,White,3/31/14,,N/A - still employed,Active,Production       ,Kelley Spirea,18,Employee Referral,Fully Meets,2.05,3,0,1/11/19,0
"Erilus, Angela",1105025661,0,3,0,1,5,1,0,24,0,20,Production Technician II,MA,2133,8/25/89,F,Separated,US Citizen,No,White,7/7/14,,N/A - still employed,Active,Production       ,Michael Albert,22,Pay Per Click - Google,PIP,4.59,1,0,2/25/19,0
"Estremera, Miguel",1104025243,0,0,1,4,5,2,0,17,1,19,Production Technician I,MA,2129,9/2/83,M ,Single,US Citizen,No,White,4/2/12,9/27/14,attendance,Terminated for Cause,Production       ,Michael Albert,22,Word of Mouth,Needs Improvement,5,4,0,,
"Evensen, April",1107027392,0,0,0,4,5,2,0,18,1,19,Production Technician I,MA,2458,5/6/89,F,Single,US Citizen,No,White,2/17/14,2/25/14,"no-call, no-show",Terminated for Cause,Production       ,Elijiah Gray,16,Word of Mouth,Needs Improvement,1.04,3,0,,
"Exantus, Susan",1401064670,1,1,0,4,4,2,0,48.5,1,24,Software Engineer,MA,1749,5/15/87,F,Married,US Citizen,No,Black or African American,5/2/11,6/5/13,attendance,Terminated for Cause,Software Engineering,Alex Sweetwater,10,Billboard,Needs Improvement,2.55,5,4,,
"Faller, Megan ",1108028428,1,1,0,1,5,3,0,27,0,20,Production Technician II,MA,1824,9/22/78,F,Married,US Citizen,No,Black or African American,7/7/14,,N/A - still employed,Active,Production       ,Elijiah Gray,16,Professional Society,Fully Meets,1.49,5,0,2/22/19,0
"Fancett, Nicole",1402065085,0,0,0,1,5,3,0,24,0,20,Production Technician II,MA,2324,9/27/87,F,Single,US Citizen,No,Black or African American,2/17/14,,N/A - still employed,Active,Production       ,Webster Butler,,Newspager/Magazine,Fully Meets,4,4,0,1/7/19,0
"Favis, Donald  ",1412071562,0,0,1,4,3,3,0,58.2,1,30,Enterprise Architect,CT,6033,7/30/64,M ,Single,US Citizen,No,Black or African American,2/17/14,2/19/16,hours,Terminated for Cause,IT/IS,Simon Roup,4,Vendor Referral,Fully Meets,2.94,5,7,,
"Ferguson, Susan",1502072511,1,1,0,5,5,3,0,20,1,19,Production Technician I,MA,2176,4/14/55,F,Married,US Citizen,No,White,11/7/11,5/17/14,military,Voluntarily Terminated,Production       ,Webster Butler,39,Search Engine - Google Bing Yahoo,Fully Meets,3.13,3,0,,
"Fernandes, Nilson  ",1302053339,1,1,1,1,5,1,0,18,0,19,Production Technician I,MA,2132,10/18/89,M ,Married,US Citizen,No,White,5/11/15,,N/A - still employed,Active,Production       ,Amy Dunn,11,Professional Society,PIP,1.56,5,0,1/3/19,0
"Ferreira, Violeta",803009012,0,0,0,1,5,3,0,23,0,19,Production Technician I,MA,2176,6/10/86,F,Single,US Citizen,No,White,2/20/12,,N/A - still employed,Active,Production       ,Ketsia Liebig,19,Newspager/Magazine,Fully Meets,1.85,4,0,1/7/19,0
"Fidelia,  Libby",1006020020,1,1,0,1,5,3,0,24,0,19,Production Technician I,MA,2155,3/16/81,F,Married,US Citizen,No,White,1/9/12,,N/A - still employed,Active,Production       ,Brannon Miller,12,Social Networks - Facebook Twitter etc,Fully Meets,5,5,0,1/29/19,0
"Fitzpatrick, Michael  J",1109029103,0,0,1,5,5,3,0,29,1,20,Production Technician II,MA,2143,10/1/81,M ,Single,US Citizen,Yes,White,5/16/11,6/24/13,hours,Voluntarily Terminated,Production       ,Amy Dunn,11,Social Networks - Facebook Twitter etc,Fully Meets,4.76,5,0,,
"Foreman, Tanya",1012023204,1,1,0,5,5,3,0,24,1,20,Production Technician II,MA,2170,11/8/83,F,Married,US Citizen,No,White,4/4/11,1/9/12,career change,Voluntarily Terminated,Production       ,Ketsia Liebig,19,Word of Mouth,Fully Meets,3.66,3,0,,
"Foss, Jason",1192991000,0,0,1,1,3,4,0,65,0,12,IT Director,MA,1460,7/5/80,M ,Single,US Citizen,No,Black or African American,4/15/11,,N/A - still employed,Active,IT/IS,Jennifer Zamora,5,Professional Society,Exceeds,3.76,5,5,1/7/19,0
"Foster-Baker, Amy",1201031308,1,1,0,1,1,3,0,34.95,0,26,Sr. Accountant,MA,2050,4/16/79,F,Married,US Citizen,no,White,1/5/09,,N/A - still employed,Active,Admin Offices,Board of Directors,9,Other,Fully Meets,5,3,2,2/8/19,0
"Fraval, Maruk ",1411071302,0,0,1,1,6,3,0,55,0,3,Area Sales Manager,CT,6050,8/28/63,M ,Single,US Citizen,No,Black or African American,9/6/11,,N/A - still employed,Active,Sales,Lynn Daneault,21,Monster.com,Fully Meets,1.64,3,0,1/27/19,0
"Friedman, Gerry",1204032843,0,0,1,1,6,3,1,55.5,0,3,Area Sales Manager,NY,10171,2/24/69,M ,Single,US Citizen,Yes,Two or more races,3/7/11,,N/A - still employed,Active,Sales,John Smith,17,Diversity Job Fair,Fully Meets,3.65,5,0,1/17/19,0
"Galia, Lisa",1501072093,0,0,0,1,3,3,0,31.4,0,14,IT Support,CT,6040,7/6/68,F,Single,US Citizen,No,White,5/1/10,,N/A - still employed,Active,IT/IS,Eric Dougall,6,Vendor Referral,Fully Meets,1.21,4,5,2/1/19,0
"Garcia, Raul",1309061015,0,0,1,1,5,3,0,19,0,19,Production Technician I,MA,1905,9/15/85,M ,Single,US Citizen,Yes,White,3/30/15,,N/A - still employed,Active,Production       ,David Stanley,14,Employee Referral,Fully Meets,4.5,3,0,2/18/19,0
"Garneau, Hamish",1104025414,0,0,1,1,5,3,0,18,0,19,Production Technician I,MA,1550,4/18/80,M ,Single,US Citizen,No,Asian,7/8/13,,N/A - still employed,Active,Production       ,Kissy Sullivan,20,Professional Society,Fully Meets,2.61,4,0,1/22/19,0
"Gaul, Barbara",1105026041,0,0,0,1,5,3,0,24,0,19,Production Technician I,MA,2121,12/2/83,F,Single,US Citizen,Yes,Black or African American,5/16/11,,N/A - still employed,Active,Production       ,Kelley Spirea,18,MBTA ads,Fully Meets,1.66,4,0,2/26/19,0
"Gentry, Mildred",1501072192,1,1,0,1,5,3,0,19,0,19,Production Technician I,MA,2145,10/1/90,F,Married,US Citizen,No,Black or African American,3/30/15,,N/A - still employed,Active,Production       ,Michael Albert,22,Professional Society,Fully Meets,3.73,3,0,1/16/19,0
"Gerke, Melisa",1308060622,0,2,0,5,5,3,1,22,1,19,Production Technician I,MA,2330,5/15/70,F,Divorced,US Citizen,No,White,11/7/11,11/15/11,hours,Voluntarily Terminated,Production       ,Elijiah Gray,16,Diversity Job Fair,Fully Meets,4.24,4,0,,
"Gill, Whitney  ",1302053046,0,4,0,4,6,3,0,55,1,3,Area Sales Manager,OH,43050,7/10/71,F,Widowed,US Citizen,No,Black or African American,7/7/14,9/5/15,attendance,Terminated for Cause,Sales,John Smith,17,Monster.com,Fully Meets,3.97,4,0,,
"Gilles, Alex",1008020960,1,1,1,5,5,2,1,15,1,19,Production Technician I,MA,2062,8/9/74,M ,Married,US Citizen,No,Black or African American,4/2/12,6/25/15,military,Voluntarily Terminated,Production       ,Webster Butler,39,Diversity Job Fair,Needs Improvement,3.97,4,0,,
"Girifalco, Evelyn",1204032927,0,0,0,1,5,4,0,16,0,19,Production Technician I,MA,2451,5/8/80,F,Single,US Citizen,Yes,Two or more races,9/29/14,,N/A - still employed,Active,Production       ,Amy Dunn,11,Professional Society,Exceeds,3.39,4,0,2/7/19,0
"Givens, Myriam",1203032099,0,0,0,1,6,3,0,55,0,3,Area Sales Manager,IN,46204,9/22/89,F,Single,US Citizen,No,White,2/16/15,,N/A - still employed,Active,Sales,Lynn Daneault,21,Pay Per Click - Google,Fully Meets,1.72,5,0,1/25/19,0
"Goble, Taisha",905013738,0,0,0,4,3,3,0,48.5,1,8,Database Administrator,MA,2127,10/23/71,F,Single,US Citizen,No,White,2/16/15,3/15/15,"no-call, no-show",Terminated for Cause,IT/IS,Simon Roup,4,Glassdoor,Fully Meets,1.87,4,4,,
"Gold, Shenice  ",1408069539,0,0,0,1,5,3,0,17,0,19,Production Technician I,MA,2451,6/18/92,F,Single,US Citizen,Yes,White,11/11/13,,N/A - still employed,Active,Production       ,Ketsia Liebig,19,Glassdoor,Fully Meets,1.94,5,0,2/18/19,0
"Gonzales, Ricardo",1411071481,1,1,1,1,6,3,0,55.5,0,3,Area Sales Manager,ID,83706,10/12/54,M ,Married,US Citizen,No,White,5/12/14,,N/A - still employed,Active,Sales,John Smith,17,Monster.com,Fully Meets,3.98,3,0,1/28/19,0
"Gonzalez, Cayo",1411071212,0,2,1,1,5,4,1,16,0,19,Production Technician I,MA,2108,9/29/69,M ,Divorced,US Citizen,No,American Indian or Alaska Native,7/11/11,,N/A - still employed,Active,Production       ,Brannon Miller,12,Diversity Job Fair,Exceeds,1.83,4,0,2/18/19,0
"Gonzalez, Juan",1411071324,1,1,1,5,5,1,1,29,1,20,Production Technician II,MA,2128,10/12/64,M ,Married,US Citizen,No,Black or African American,4/26/10,5/30/11,career change,Voluntarily Terminated,Production       ,Brannon Miller,12,Diversity Job Fair,PIP,4.35,3,0,,
"Gonzalez, Maria",1988299991,0,3,0,1,3,3,0,39,0,14,IT Support,MA,2472,4/16/81,F,Separated,US Citizen,Yes,White,1/5/15,,N/A - still employed,Active,IT/IS,Peter Monroe,7,Employee Referral,Fully Meets,4.61,4,5,1/28/19,0
"Good, Susan",1001549006,1,1,0,3,5,3,0,24.25,0,20,Production Technician II,MA,1886,5/25/86,F,Married,US Citizen,No,White,5/12/14,,N/A - still employed,Leave of Absence,Production       ,David Stanley,14,Professional Society,Fully Meets,2.04,3,0,2/7/19,0
"Gordon, David",1106026579,1,1,1,1,5,3,0,15,0,19,Production Technician I,MA,2169,5/21/79,M ,Married,US Citizen,No,White,7/2/12,,N/A - still employed,Active,Production       ,David Stanley,14,MBTA ads,Fully Meets,5,3,0,1/14/19,0
"Gosciminski, Phylicia  ",1108028351,0,3,0,3,5,3,0,27,0,20,Production Technician II,MA,1824,12/8/83,F,Separated,US Citizen,No,American Indian or Alaska Native,9/30/13,,N/A - still employed,Leave of Absence,Production       ,Kissy Sullivan,20,Word of Mouth,Fully Meets,2.57,5,0,2/21/19,0
"Goyal, Roxana",1312063675,1,1,0,3,5,3,0,24,0,19,Production Technician I,MA,1864,10/9/74,F,Married,US Citizen,No,Asian,8/19/13,,N/A - still employed,Leave of Absence,Production       ,Kissy Sullivan,20,On-campus Recruiting,Fully Meets,1.71,5,0,2/15/19,0
"Gray, Elijiah  ",1307060077,0,2,1,1,5,3,0,54,0,18,Production Manager,MA,1752,7/11/81,M ,Divorced,US Citizen,No,White,6/2/15,,N/A - still employed,Active,Production       ,Janet King,2,Employee Referral,Fully Meets,4.63,3,0,1/4/19,0
"Gross, Paula",1103024859,0,2,0,5,5,3,0,14,1,19,Production Technician I,MA,2176,5/21/83,F,Divorced,US Citizen,No,White,2/21/11,1/11/14,more money,Voluntarily Terminated,Production       ,Kelley Spirea,18,Monster.com,Fully Meets,5,5,0,,
"Guilianno, Mike",1001167253,0,0,1,5,6,3,0,55,1,3,Area Sales Manager,TN,37129,2/9/69,M ,Single,US Citizen,No,Two or more races,3/7/11,10/31/14,relocation out of area,Voluntarily Terminated,Sales,John Smith,17,Newspager/Magazine,Fully Meets,4.5,5,0,,
"Handschiegl, Joanne",1405067064,1,1,0,1,5,3,0,24,0,19,Production Technician I,MA,2127,3/23/77,F,Married,US Citizen,No,White,11/28/11,,N/A - still employed,Active,Production       ,Michael Albert,22,Word of Mouth,Fully Meets,4.2,4,0,2/22/19,0
"Hankard, Earnest",1307059937,0,0,1,1,5,3,0,24,0,20,Production Technician II,MA,2155,8/10/88,M ,Single,US Citizen,Yes,White,11/11/13,,N/A - still employed,Active,Production       ,Kelley Spirea,18,Newspager/Magazine,Fully Meets,5,3,0,1/8/19,0
"Harrell, Ludwick",1406068241,1,1,1,1,5,3,0,21,0,19,Production Technician I,MA,1776,9/2/82,M ,Married,US Citizen,No,Asian,5/14/12,,N/A - still employed,Active,Production       ,Elijiah Gray,16,Search Engine - Google Bing Yahoo,Fully Meets,1.83,3,0,2/22/19,0
"Harrington, Christie ",1110029602,0,0,0,5,5,3,0,19.75,1,19,Production Technician I,MA,2324,8/18/52,F,Single,US Citizen,No,White,1/9/12,12/15/15,retiring,Voluntarily Terminated,Production       ,Webster Butler,39,Monster.com,Fully Meets,4.64,4,0,,
"Harrison, Kara",1404066622,1,1,0,1,5,4,0,20,0,19,Production Technician I,MA,1886,5/2/74,F,Married,US Citizen,No,White,5/12/14,,N/A - still employed,Active,Production       ,Amy Dunn,11,Monster.com,Exceeds,4.76,4,0,2/15/19,0
"Heitzman, Anthony",1002017900,0,0,1,1,5,3,0,19,0,19,Production Technician I,MA,2149,1/4/84,M ,Single,US Citizen,No,White,8/13/12,,N/A - still employed,Active,Production       ,Ketsia Liebig,19,Social Networks - Facebook Twitter etc,Fully Meets,4.17,4,0,2/11/19,0
"Hendrickson, Trina",1011022932,0,0,0,5,5,3,0,24,1,20,Production Technician II,MA,2021,8/27/72,F,Single,US Citizen,No,White,1/10/11,2/18/13,hours,Voluntarily Terminated,Production       ,Kelley Spirea,18,Monster.com,Fully Meets,5,3,0,,
"Hernandez, Daniff",1410071156,1,1,1,4,3,3,0,40.1,1,8,Database Administrator,MA,1960,8/7/86,M ,Married,US Citizen,No,Black or African American,2/16/15,2/22/15,"no-call, no-show",Terminated for Cause,IT/IS,Simon Roup,4,Employee Referral,Fully Meets,4.33,3,7,,
"Hogland, Jonathan ",1001944783,1,1,1,4,5,3,0,48.5,1,18,Production Manager,MA,1890,7/1/72,M ,Married,US Citizen,No,White,1/10/11,12/12/15,attendance,Terminated for Cause,Production       ,Janet King,2,Employee Referral,Fully Meets,4.78,4,0,,
"Homberger, Adrienne  J",1207046956,1,1,0,5,5,3,0,28,1,20,Production Technician II,MA,2445,2/16/84,F,Married,Non-Citizen,No,White,8/15/11,4/7/12,relocation out of area,Voluntarily Terminated,Production       ,Michael Albert,30,Glassdoor,Fully Meets,3.03,5,0,,
"Horton, Jayne",1105025718,0,0,0,1,3,3,0,34,0,8,Database Administrator,MA,2493,2/21/84,F,Single,US Citizen,No,White,3/30/15,,N/A - still employed,Active,IT/IS,Simon Roup,4,Glassdoor,Fully Meets,4.48,5,6,1/3/19,0
"Houlihan, Debra",1009021646,1,1,0,1,6,3,0,60,0,11,Director of Sales,RI,2908,3/17/66,F,Married,US Citizen,No,White,5/5/14,,N/A - still employed,Active,Sales,Janet King,2,MBTA ads,Fully Meets,1.22,4,0,1/21/19,0
"Howard, Estelle",1211050782,1,1,0,1,1,3,0,21.5,1,2,Administrative Assistant,MA,2170,9/16/85,F,Married,US Citizen,No,White,2/16/15,4/15/15,,Terminated for Cause,Admin Offices,Brandon R. LeBlanc,1,Pay Per Click - Google,Fully Meets,3.24,3,4,,
"Hubert, Robert",1009920000,1,1,1,1,3,3,0,45,0,4,BI Developer,MA,2134,6/30/89,M ,Married,US Citizen,No,Black or African American,4/20/17,,N/A - still employed,Active,IT/IS,Brian Champaigne,13,Indeed,Fully Meets,2.06,5,5,1/28/19,0
"Hunts, Julissa",1106026433,0,0,0,2,5,3,0,25,0,20,Production Technician II,MA,2021,3/11/84,F,Single,US Citizen,No,White,6/6/16,,N/A - Has not started yet,Future Start,Production       ,Elijiah Gray,16,Vendor Referral,Fully Meets,2.92,5,0,1/18/19,0
"Hutter, Rosalie",1103024924,0,3,0,2,5,3,0,28,0,20,Production Technician II,MA,2351,5/7/92,F,Separated,US Citizen,No,White,6/5/15,,N/A - Has not started yet,Future Start,Production       ,Webster Butler,,Other,Fully Meets,2.63,3,0,2/14/19,0
"Huynh, Ming",1306058509,0,2,0,5,5,3,0,23,1,20,Production Technician II,MA,1742,9/22/76,F,Divorced,US Citizen,No,White,2/21/11,4/1/13,unhappy,Voluntarily Terminated,Production       ,Amy Dunn,11,Search Engine - Google Bing Yahoo,Fully Meets,3.72,3,0,,
"Immediato, Walter",1403065874,1,1,1,5,5,2,0,42,1,18,Production Manager,MA,2128,11/15/76,M ,Married,US Citizen,No,Asian,2/21/11,9/24/12,unhappy,Voluntarily Terminated,Production       ,Janet King,2,Other,Needs Improvement,2.34,2,0,,
"Ivey, Rose ",1408069882,0,0,0,1,5,3,0,16,0,19,Production Technician I,MA,1775,1/28/91,F,Single,US Citizen,No,White,8/19/13,,N/A - still employed,Active,Production       ,Brannon Miller,12,Professional Society,Fully Meets,3.99,3,0,1/14/19,0
"Jackson, Maryellen",1201031438,0,0,0,1,5,3,0,20,0,19,Production Technician I,MA,2081,9/11/72,F,Single,US Citizen,No,White,11/5/12,,N/A - still employed,Active,Production       ,David Stanley,14,Newspager/Magazine,Fully Meets,2.32,3,0,1/17/19,0
"Jacobi, Hannah  ",1503072857,0,2,0,1,5,3,0,21,0,19,Production Technician I,MA,1778,3/22/66,F,Divorced,US Citizen,No,White,9/30/13,,N/A - still employed,Active,Production       ,Kissy Sullivan,20,Employee Referral,Fully Meets,2.05,5,0,2/22/19,0
"Jeannite, Tayana",1008020942,0,2,0,1,5,4,0,22.5,0,20,Production Technician II,MA,1821,11/6/86,F,Divorced,US Citizen,No,American Indian or Alaska Native,7/5/11,,N/A - still employed,Active,Production       ,Ketsia Liebig,19,MBTA ads,Exceeds,4.6,4,0,2/25/19,0
Jeremy Prater,1001084890,1,1,1,1,6,1,0,56,0,3,Area Sales Manager,NV,89139,5/9/74,M ,Married,US Citizen,No,White,5/12/14,,N/A - still employed,Active,Sales,Lynn Daneault,21,Website Banner Ads,PIP,1.81,2,0,1/17/19,0
"Jhaveri, Sneha  ",1412071713,0,3,0,1,5,3,0,19,0,19,Production Technician I,MA,2109,4/13/64,F,Separated,US Citizen,No,White,1/6/14,,N/A - still employed,Active,Production       ,Kelley Spirea,18,On-campus Recruiting,Fully Meets,5,5,0,1/21/19,0
"Johnson, George",1105025721,1,1,1,5,5,4,0,17,1,19,Production Technician I,MA,2445,8/19/59,M ,Married,US Citizen,No,White,11/7/11,4/29/16,more money,Voluntarily Terminated,Production       ,Michael Albert,22,Monster.com,Exceeds,1.65,4,0,,
"Johnson, Noelle ",1003018246,1,1,0,3,3,3,0,40,0,8,Database Administrator,MA,2301,11/7/86,F,Married,US Citizen,No,Asian,1/5/15,,N/A - still employed,Leave of Absence,IT/IS,Simon Roup,4,Glassdoor,Fully Meets,3.75,3,5,2/11/19,0
"Johnston, Yen",1306057810,0,0,0,1,5,4,0,25,0,20,Production Technician II,MA,2128,9/8/69,F,Single,US Citizen,No,White,7/7/14,,N/A - still employed,Active,Production       ,Brannon Miller,12,Professional Society,Exceeds,1.51,3,0,1/11/19,0
"Jung, Judy  ",1107027450,1,1,0,5,5,3,0,21,1,19,Production Technician I,MA,2446,4/17/86,F,Married,US Citizen,No,White,1/10/11,4/1/16,unhappy,Voluntarily Terminated,Production       ,Elijiah Gray,16,Monster.com,Fully Meets,4,4,0,,
"Kampew, Donysha",1109029264,0,0,0,5,6,3,0,60.25,1,21,Sales Manager,PA,19444,11/11/89,F,Single,US Citizen,No,White,11/7/11,4/24/14,maternity leave - did not return,Voluntarily Terminated,Sales,Debra Houlihan,15,Social Networks - Facebook Twitter etc,Fully Meets,1.9,5,0,,
"Keatts, Kramer ",1301052462,0,0,1,1,5,3,0,19,0,19,Production Technician I,MA,1887,1/19/76,M ,Single,US Citizen,No,White,9/30/13,,N/A - still employed,Active,Production       ,Michael Albert,22,Billboard,Fully Meets,3.07,4,0,1/23/19,0
"Khemmich, Bartholemew",1104025008,0,0,1,1,6,3,0,55,0,3,Area Sales Manager,CO,80820,11/27/79,M ,Single,US Citizen,No,White,8/19/13,,N/A - still employed,Active,Sales,Lynn Daneault,21,Pay Per Click - Google,Fully Meets,2.19,5,0,1/22/19,0
"King, Janet",1001495124,1,1,0,1,2,3,0,80,0,16,President & CEO,MA,1902,9/21/54,F,Married,US Citizen,Yes,White,7/2/12,,N/A - still employed,Active,Executive Office,Board of Directors,9,Pay Per Click - Google,Fully Meets,4.83,3,0,1/17/19,0
"Kinsella, Kathleen  ",710007401,1,1,0,5,5,3,0,22,1,19,Production Technician I,MA,2170,12/8/73,F,Married,US Citizen,No,White,9/26/11,6/4/15,more money,Voluntarily Terminated,Production       ,Webster Butler,39,Search Engine - Google Bing Yahoo,Fully Meets,3.6,5,0,,
"Kirill, Alexandra  ",903013071,1,1,0,5,5,3,0,24,1,19,Production Technician I,MA,2127,10/8/70,F,Married,US Citizen,No,White,9/26/11,1/9/12,more money,Voluntarily Terminated,Production       ,Amy Dunn,11,Search Engine - Google Bing Yahoo,Fully Meets,3.49,4,0,,
"Knapp, Bradley  J",1304055683,0,0,1,1,5,3,0,14,0,19,Production Technician I,MA,1721,11/10/77,M ,Single,US Citizen,No,Black or African American,2/17/14,,N/A - still employed,Active,Production       ,Ketsia Liebig,19,On-campus Recruiting,Fully Meets,2.79,3,0,2/6/19,0
"Kretschmer, John",1311062610,1,1,1,1,5,3,0,21,0,19,Production Technician I,MA,1801,2/2/80,M ,Married,US Citizen,No,Asian,1/10/11,,N/A - still employed,Active,Production       ,Brannon Miller,12,Pay Per Click - Google,Fully Meets,3.38,3,0,1/21/19,0
"Lajiri,  Jyoti",1108028108,1,1,1,3,3,3,0,56.2,0,28,Sr. Network Engineer,MA,2169,4/23/86,M ,Married,US Citizen,No,White,11/10/14,,N/A - still employed,Leave of Absence,IT/IS,Peter Monroe,7,Employee Referral,Fully Meets,4.46,5,6,1/7/19,0
"Langford, Lindsey",1010022030,0,2,0,5,5,3,0,22,1,20,Production Technician II,MA,2090,7/25/79,F,Divorced,US Citizen,No,Asian,1/7/13,3/31/14,Another position,Voluntarily Terminated,Production       ,David Stanley,14,Glassdoor,Fully Meets,4.52,3,0,,
"Langton, Enrico",1304055987,1,1,1,1,5,3,0,17,0,19,Production Technician I,MA,2048,12/9/86,M ,Married,US Citizen,No,White,7/9/12,,N/A - still employed,Active,Production       ,David Stanley,14,Newspager/Magazine,Fully Meets,5,5,0,2/4/19,0
"LaRotonda, William  ",1106026572,0,2,1,1,1,3,0,23,0,1,Accountant I,MA,1460,4/26/84,M ,Divorced,US Citizen,No,Black or African American,1/6/14,,N/A - still employed,Active,Admin Offices,Brandon R. LeBlanc,1,Website Banner Ads,Fully Meets,5,4,4,1/17/19,0
"Latif, Mohammed",1104025486,1,1,1,5,5,3,0,28,1,20,Production Technician II,MA,2126,5/9/84,M ,Married,US Citizen,No,White,4/2/12,4/15/13,more money,Voluntarily Terminated,Production       ,Kissy Sullivan,20,Word of Mouth,Fully Meets,1.84,3,0,,
"Le, Binh",1009919930,0,0,0,1,3,3,0,50.25,0,22,Senior BI Developer,MA,1886,6/14/87,F,Single,US Citizen,No,Asian,10/2/16,,N/A - still employed,Active,IT/IS,Brian Champaigne,13,Indeed,Fully Meets,2.09,5,7,1/8/19,0
"Leach, Dallas",1408069409,0,0,0,5,5,3,0,19,1,19,Production Technician I,MA,1810,1/17/79,F,Single,US Citizen,No,Asian,9/26/11,8/19/13,return to school,Voluntarily Terminated,Production       ,Kissy Sullivan,20,Monster.com,Fully Meets,4.88,3,0,,
"LeBel, Jonathan  R",1107027575,0,0,1,4,5,3,0,15,1,19,Production Technician I,MA,2050,10/18/81,M ,Single,US Citizen,No,White,2/21/11,8/4/11,attendance,Terminated for Cause,Production       ,Kelley Spirea,18,Social Networks - Facebook Twitter etc,Fully Meets,5,4,0,,
"LeBlanc, Brandon  R",1102024115,1,1,1,1,1,3,0,55,0,23,Shared Services Manager,MA,1460,6/10/84,M ,Married,US Citizen,No,White,1/5/16,,N/A - still employed,Active,Admin Offices,Janet King,2,Monster.com,Fully Meets,1.95,4,0,1/28/19,0
"Leruth, Giovanni",1412071660,0,3,1,1,6,3,0,55,0,3,Area Sales Manager,UT,84111,12/27/88,M ,Separated,US Citizen,No,Black or African American,4/30/12,,N/A - still employed,Active,Sales,John Smith,17,Website Banner Ads,Fully Meets,4.53,3,0,1/29/19,0
"Liebig, Ketsia",1103024679,1,1,0,1,5,4,0,55,0,18,Production Manager,MA,2110,10/26/81,F,Married,US Citizen,No,White,9/30/13,,N/A - still employed,Active,Production       ,Janet King,2,Website Banner Ads,Exceeds,3.66,3,0,1/21/19,0
"Linares, Marilyn ",1206042315,1,1,0,5,5,3,0,15.25,1,19,Production Technician I,MA,1886,3/26/81,F,Married,US Citizen,No,White,7/5/11,9/26/11,unhappy,Voluntarily Terminated,Production       ,Michael Albert,22,Internet Search,Fully Meets,3.18,4,0,,
"Linden, Mathew",1405067565,1,1,1,3,5,3,0,22,0,20,Production Technician II,MA,1770,3/19/79,M ,Married,US Citizen,No,White,7/8/13,,N/A - still employed,Leave of Absence,Production       ,Kelley Spirea,18,Information Session,Fully Meets,4,3,0,2/18/19,0
"Lindsay, Leonara ",602000312,0,0,0,1,3,4,1,26,0,14,IT Support,CT,6070,10/5/88,F,Single,US Citizen,Yes,Two or more races,1/21/11,,N/A - still employed,Active,IT/IS,Eric Dougall,6,Diversity Job Fair,Exceeds,4.64,4,5,1/25/19,0
"Lundy, Susan",1305056276,0,4,0,5,5,3,0,24,1,20,Production Technician II,MA,2122,12/26/76,F,Widowed,US Citizen,No,White,7/8/13,9/15/13,more money,Voluntarily Terminated,Production       ,Michael Albert,22,On-campus Recruiting,Fully Meets,4.65,4,0,,
"Lunquist, Lisa",1001504432,0,0,0,1,5,4,0,26.1,0,20,Production Technician II,MA,2324,3/28/82,F,Single,US Citizen,No,Black or African American,8/19/13,,N/A - still employed,Active,Production       ,Elijiah Gray,16,Glassdoor,Exceeds,1.64,4,0,2/12/19,0
"Lydon, Allison",1101023353,1,1,0,3,5,3,0,20,0,19,Production Technician I,MA,2122,10/22/75,F,Married,US Citizen,No,Black or African American,2/16/15,,N/A - still employed,Leave of Absence,Production       ,Elijiah Gray,16,Website Banner Ads,Fully Meets,5,3,0,1/23/19,0
"Lynch, Lindsay",1001138521,0,0,0,5,5,4,1,19,1,19,Production Technician I,MA,1844,2/14/73,F,Single,US Citizen,Yes,Two or more races,11/7/11,11/14/15,Another position,Voluntarily Terminated,Production       ,Webster Butler,39,Diversity Job Fair,Exceeds,5,4,0,,
"MacLennan, Samuel",1201031032,0,4,1,5,5,3,0,15,1,19,Production Technician I,MA,1938,11/9/72,M ,Widowed,US Citizen,No,White,9/24/12,9/26/12,hours,Voluntarily Terminated,Production       ,Amy Dunn,11,Pay Per Click,Fully Meets,3.08,4,0,,
"Mahoney, Lauren  ",1209049259,0,0,0,1,5,3,0,17,0,19,Production Technician I,MA,2189,7/7/86,F,Single,US Citizen,No,White,1/6/14,,N/A - still employed,Active,Production       ,Ketsia Liebig,19,Newspager/Magazine,Fully Meets,2.55,4,0,2/26/19,0
"Manchester, Robyn",1110029623,1,1,0,2,5,3,0,23,0,20,Production Technician II,MA,2324,8/25/76,F,Married,US Citizen,No,White,5/11/16,,N/A - Has not started yet,Future Start,Production       ,Webster Butler,,Vendor Referral,Fully Meets,5,3,0,1/21/19,0
"Mancuso, Karen",1304055986,1,1,0,5,5,3,0,23,1,20,Production Technician II,MA,2176,12/10/86,F,Married,US Citizen,No,Two or more races,7/5/11,8/19/11,Another position,Voluntarily Terminated,Production       ,Amy Dunn,11,Newspager/Magazine,Fully Meets,5,4,0,,
"Mangal, Debbie",1308060754,1,1,0,1,5,3,0,23,0,19,Production Technician I,MA,2451,11/7/74,F,Married,US Citizen,No,White,11/11/13,,N/A - still employed,Active,Production       ,Brannon Miller,12,On-campus Recruiting,Fully Meets,1.04,3,0,1/22/19,0
"Martin, Sandra",1303054625,0,0,0,1,4,3,0,55.51,0,24,Software Engineer,MA,2135,11/7/87,F,Single,US Citizen,No,Asian,11/11/13,,N/A - still employed,Active,Software Engineering,Alex Sweetwater,10,Search Engine - Google Bing Yahoo,Fully Meets,1.53,5,4,1/14/19,0
"Martins, Joseph",1209048771,0,0,1,1,6,3,0,56,0,3,Area Sales Manager,TX,78207,6/11/70,M ,Single,Eligible NonCitizen,No,Black or African American,5/14/12,,N/A - still employed,Active,Sales,Lynn Daneault,21,Employee Referral,Fully Meets,2.94,5,0,1/19/19,0
"Maurice, Shana",1401064327,1,1,0,1,5,3,0,20,0,19,Production Technician I,MA,2330,11/22/77,F,Married,US Citizen,No,White,5/31/11,,N/A - still employed,Active,Production       ,David Stanley,14,Other,Fully Meets,5,4,0,1/10/19,0
"McCarthy, Brigit",1406067957,0,0,0,1,5,3,0,26,0,20,Production Technician II,MA,2149,5/21/87,F,Single,US Citizen,No,White,3/30/15,,N/A - still employed,Active,Production       ,Ketsia Liebig,19,Newspager/Magazine,Fully Meets,5,5,0,2/7/19,0
"Mckenna, Sandy",909015167,1,1,0,1,5,3,0,24,0,19,Production Technician I,MA,2184,1/7/87,F,Married,US Citizen,No,Black or African American,1/7/13,,N/A - still employed,Active,Production       ,Kissy Sullivan,20,Monster.com,Fully Meets,3.93,3,0,1/30/19,0
"McKinzie, Jac",1209049326,1,1,1,2,6,3,0,55,0,3,Area Sales Manager,TX,78789,7/1/84,M ,Married,US Citizen,No,Two or more races,7/6/16,,N/A - Has not started yet,Future Start,Sales,Lynn Daneault,21,Website Banner Ads,Fully Meets,2.91,4,0,1/29/19,0
"Meads, Elizabeth",1409070245,0,0,0,5,5,3,1,14,1,19,Production Technician I,MA,1760,5/30/68,F,Single,US Citizen,No,Black or African American,4/2/12,11/11/15,Another position,Voluntarily Terminated,Production       ,Kelley Spirea,18,Diversity Job Fair,Fully Meets,4.18,4,0,,
"Medeiros, Jennifer",1109029256,0,0,0,1,5,3,0,20,0,19,Production Technician I,MA,2346,9/22/76,F,Single,US Citizen,No,White,3/30/15,,N/A - still employed,Active,Production       ,Michael Albert,22,Monster.com,Fully Meets,5,4,0,1/21/19,0
"Merlos, Carlos",1012023013,0,0,1,1,3,1,0,43,0,15,Network Engineer,MA,2138,6/18/87,M ,Single,US Citizen,No,White,3/30/15,,N/A - still employed,Active,IT/IS,Peter Monroe,7,Vendor Referral,PIP,1.2,3,6,2/4/19,0
"Miller, Brannon",1107027351,0,0,1,1,5,3,0,53,0,18,Production Manager,MA,2045,8/10/81,M ,Single,US Citizen,yes,Hispanic,8/16/12,,N/A - still employed,Active,Production       ,Janet King,2,Internet Search,Fully Meets,4.37,3,0,1/14/19,0
"Miller, Ned",1205033439,0,0,1,5,5,1,0,25,1,20,Production Technician II,MA,2472,6/29/85,M ,Single,US Citizen,No,White,8/15/11,9/4/14,unhappy,Voluntarily Terminated,Production       ,Brannon Miller,12,MBTA ads,PIP,5,2,0,,
"Monkfish, Erasumus",1404066711,1,1,1,1,5,3,0,27,0,20,Production Technician II,MA,1450,8/17/92,M ,Married,US Citizen,No,White,11/7/11,,N/A - still employed,Active,Production       ,David Stanley,14,Professional Society,Fully Meets,2.67,3,0,1/8/19,0
"Monroe, Peter",1011022863,1,1,1,1,3,2,1,63,0,13,IT Manager - Infra,MA,2134,10/5/86,M ,Married,Eligible NonCitizen,Yes,Hispanic,2/15/12,,N/A - still employed,Active,IT/IS,Jennifer Zamora,5,Diversity Job Fair,Needs Improvement,2.39,3,6,2/22/19,0
"Monterro, Luisa",1001103149,0,0,0,1,5,4,0,25,0,20,Production Technician II,MA,2126,4/24/70,F,Single,US Citizen,No,Black or African American,5/13/13,,N/A - still employed,Active,Production       ,Kissy Sullivan,20,Billboard,Exceeds,2.55,3,0,1/14/19,0
"Moran, Patrick",1408069503,0,0,1,3,5,3,1,26,0,20,Production Technician II,MA,2127,12/3/76,M ,Single,US Citizen,No,Hispanic,1/9/12,,N/A - still employed,Leave of Absence,Production       ,Kelley Spirea,18,Diversity Job Fair,Fully Meets,2.5,4,0,1/31/19,0
"Morway, Tanya",1001956578,1,1,0,1,3,3,0,27,0,15,Network Engineer,MA,2048,4/4/79,F,Married,US Citizen,No,White,2/16/15,,N/A - still employed,Active,IT/IS,Peter Monroe,7,Monster.com,Fully Meets,3.81,3,6,2/11/19,0
"Motlagh,  Dawn",1102024121,0,2,0,1,5,3,0,15,0,19,Production Technician I,MA,2453,7/7/84,F,Divorced,US Citizen,No,White,4/1/13,,N/A - still employed,Active,Production       ,Elijiah Gray,16,MBTA ads,Fully Meets,1.76,4,0,1/17/19,0
"Moumanil, Maliki ",1301052436,0,3,1,1,5,3,0,29,0,20,Production Technician II,MA,1460,12/1/74,M ,Separated,US Citizen,No,Black or African American,5/13/13,,N/A - still employed,Active,Production       ,Michael Albert,22,On-campus Recruiting,Fully Meets,4.29,5,0,1/28/19,0
"Mullaney, Howard",1306057978,0,0,1,1,6,1,0,55,0,3,Area Sales Manager,AL,36006,11/2/75,M ,Single,US Citizen,No,Two or more races,9/29/14,,N/A - still employed,Active,Sales,John Smith,17,Internet Search,PIP,1.93,3,0,1/30/19,0
"Murray, Thomas",1406068403,0,2,1,1,3,4,1,35.5,0,9,Data Analyst,TX,78230,7/4/88,M ,Divorced,US Citizen,No,Black or African American,11/10/14,,N/A - still employed,Active,IT/IS,Simon Roup,4,Diversity Job Fair,Exceeds,4.28,4,5,2/25/19,0
"Navathe, Kurt",1009919960,0,0,1,1,3,3,0,52.25,0,22,Senior BI Developer,MA,2056,4/25/70,M ,Single,US Citizen,No,Asian,2/10/17,,N/A - still employed,Active,IT/IS,Brian Champaigne,13,Indeed,Fully Meets,5,3,6,2/25/19,0
"Ndzi, Colombui",1204033041,0,0,1,5,5,3,1,18,1,19,Production Technician I,MA,2110,5/2/89,M ,Single,US Citizen,No,Black or African American,9/26/11,4/4/14,return to school,Voluntarily Terminated,Production       ,Webster Butler,39,Diversity Job Fair,Fully Meets,2.61,3,0,,
"Ndzi, Horia",1204033044,1,1,1,5,5,3,0,22,1,19,Production Technician I,MA,2421,3/28/83,M ,Married,US Citizen,No,White,4/1/13,5/25/16,more money,Voluntarily Terminated,Production       ,Amy Dunn,11,Employee Referral,Fully Meets,3.18,3,0,,
"Newman, Richard ",1302053044,1,1,1,3,5,3,0,21,0,19,Production Technician I,MA,2136,4/8/77,M ,Married,US Citizen,No,White,5/12/14,,N/A - still employed,Leave of Absence,Production       ,Ketsia Liebig,19,On-campus Recruiting,Fully Meets,5,5,0,2/18/19,0
"Ngodup, Shari ",1403066020,0,3,0,1,5,4,1,15,0,19,Production Technician I,MA,1810,6/3/67,F,Separated,US Citizen,No,Asian,4/1/13,,N/A - still employed,Active,Production       ,Brannon Miller,12,Diversity Job Fair,Exceeds,1.12,3,0,2/13/19,0
"Nguyen, Dheepa",1111030684,0,0,0,1,6,3,0,55,0,3,Area Sales Manager,GA,30428,3/31/89,F,Single,US Citizen,No,Two or more races,7/8/13,,N/A - still employed,Active,Sales,Lynn Daneault,21,Pay Per Click - Google,Fully Meets,5,5,0,1/25/19,0
"Nguyen, Lei-Ming",1203032357,0,0,0,1,5,3,0,19,0,19,Production Technician I,MA,2132,7/7/84,F,Single,US Citizen,No,White,7/8/13,,N/A - still employed,Active,Production       ,David Stanley,14,Vendor Referral,Fully Meets,2.79,5,0,1/2/19,0
"Nowlan, Kristie",1104025435,0,0,0,1,5,3,0,26.39,0,20,Production Technician II,MA,1040,11/23/85,F,Single,US Citizen,No,White,11/10/14,,N/A - still employed,Active,Production       ,Elijiah Gray,16,Glassdoor,Fully Meets,4.53,5,0,1/16/19,0
"O'hare, Lynn",1206044851,0,0,0,4,5,1,0,18.5,1,19,Production Technician I,MA,2152,9/30/80,F,Single,US Citizen,No,Two or more races,3/31/14,5/1/16,performance,Terminated for Cause,Production       ,Kissy Sullivan,20,Professional Society,PIP,3.09,2,0,,
"Oliver, Brooke ",1001856521,1,1,0,5,5,3,0,25,1,20,Production Technician II,MA,2492,2/11/52,F,Married,US Citizen,No,Asian,5/14/12,8/19/13,unhappy,Voluntarily Terminated,Production       ,Webster Butler,39,Newspager/Magazine,Fully Meets,5,3,0,,
"Onque, Jasmine",1501072180,0,0,0,1,6,3,0,57,0,3,Area Sales Manager,FL,33174,5/11/90,F,Single,US Citizen,Yes,White,9/30/13,,N/A - still employed,Active,Sales,Lynn Daneault,21,Pay Per Click - Google,Fully Meets,4.28,3,0,1/25/19,0
"Osturnka, Adeel",1404066949,1,1,1,1,5,4,0,16,0,19,Production Technician I,MA,2478,12/11/76,M ,Married,US Citizen,No,White,9/30/13,,N/A - still employed,Active,Production       ,Kelley Spirea,18,On-campus Recruiting,Exceeds,2.86,3,0,2/7/19,0
"Owad, Clinton",1103024335,0,0,1,1,5,2,0,22,0,19,Production Technician I,MA,1760,11/24/79,M ,Single,US Citizen,No,Black or African American,2/17/14,,N/A - still employed,Active,Production       ,Michael Albert,22,MBTA ads,Needs Improvement,4.25,3,0,2/4/19,0
"Ozark, Travis",812011761,0,0,1,1,6,3,0,55,0,3,Area Sales Manager,NC,27229,5/19/82,M ,Single,US Citizen,No,White,1/5/15,,N/A - still employed,Active,Sales,John Smith,17,Website Banner Ads,Fully Meets,5,5,0,1/14/19,0
"Panjwani, Nina",1109029531,1,1,0,5,5,3,0,18,1,19,Production Technician I,MA,2351,5/1/79,F,Married,US Citizen,No,White,2/7/11,1/12/14,Another position,Voluntarily Terminated,Production       ,Elijiah Gray,16,Social Networks - Facebook Twitter etc,Fully Meets,3.89,4,0,,
"Patronick, Luke",1112030979,0,0,1,5,4,4,1,52.25,1,24,Software Engineer,MA,1844,2/20/79,M ,Single,US Citizen,No,Asian,11/7/11,9/7/15,Another position,Voluntarily Terminated,Software Engineering,Alex Sweetwater,10,Diversity Job Fair,Exceeds,1.1,5,3,,
"Pearson, Randall",1102023965,1,1,1,5,3,3,0,41,1,9,Data Analyst,MA,2747,9/5/84,M ,Married,US Citizen,No,White,12/1/14,5/1/16,performance,Voluntarily Terminated,IT/IS,Simon Roup,4,Employee Referral,Fully Meets,1.62,4,5,,
"Pelech, Emil",1307060058,0,0,1,5,5,2,0,24,1,19,Production Technician I,MA,2458,3/17/88,M ,Single,US Citizen,No,Black or African American,1/10/11,12/28/12,career change,Voluntarily Terminated,Production       ,Webster Butler,39,Search Engine - Google Bing Yahoo,Needs Improvement,3.54,5,0,,
"Pelletier, Ermine",1202031821,1,1,0,5,5,2,0,28,1,20,Production Technician II,MA,2472,7/18/89,F,Married,US Citizen,No,Asian,7/5/11,9/15/11,unhappy,Voluntarily Terminated,Production       ,Amy Dunn,11,Monster.com,Needs Improvement,1.03,5,0,,
"Perry, Shakira",1109029186,0,0,0,5,5,3,0,22,1,19,Production Technician I,MA,2176,7/20/86,F,Single,US Citizen,No,White,5/16/11,10/25/15,medical issues,Voluntarily Terminated,Production       ,Amy Dunn,11,MBTA ads,Fully Meets,3.45,4,0,,
"Peters, Lauren",1411071406,1,1,0,5,5,4,0,29,1,20,Production Technician II,MA,1886,8/17/86,F,Married,US Citizen,No,White,5/16/11,2/4/12,more money,Voluntarily Terminated,Production       ,Ketsia Liebig,19,Pay Per Click - Google,Exceeds,1.79,5,0,,
"Peterson, Ebonee  ",1402065355,1,1,0,5,5,3,0,38.5,1,18,Production Manager,MA,2030,5/9/77,F,Married,US Citizen,No,White,10/25/10,5/18/16,Another position,Voluntarily Terminated,Production       ,Janet King,2,Internet Search,Fully Meets,4.16,5,0,,
"Peterson, Kayla ",1307059944,1,1,0,1,5,3,0,17,0,19,Production Technician I,MA,1749,9/23/73,F,Married,US Citizen,No,White,4/26/10,,N/A - still employed,Active,Production       ,Ketsia Liebig,19,Search Engine - Google Bing Yahoo,Fully Meets,2.72,3,0,1/21/19,0
"Petingill, Shana  ",1103024843,1,1,0,1,5,3,0,26,0,20,Production Technician II,MA,2050,3/10/79,F,Married,Eligible NonCitizen,No,Asian,4/2/12,,N/A - still employed,Active,Production       ,Brannon Miller,12,MBTA ads,Fully Meets,2.61,3,0,1/14/19,0
"Petrowsky, Thelma",1108027853,1,1,0,1,3,4,0,42.75,0,9,Data Analyst,MA,1886,9/16/84,F,Married,US Citizen,No,Asian,11/10/14,,N/A - still employed,Active,IT/IS,Simon Roup,4,Employee Referral,Exceeds,3.71,5,7,1/4/19,0
"Pham, Hong",1305057440,1,1,1,5,5,3,0,18,1,19,Production Technician I,MA,2451,3/6/88,M ,Married,US Citizen,No,White,7/5/11,11/30/12,more money,Voluntarily Terminated,Production       ,Brannon Miller,12,Search Engine - Google Bing Yahoo,Fully Meets,5,3,0,,
"Pitt, Brad ",1001735072,0,0,1,1,5,3,0,17,0,19,Production Technician I,MA,2451,11/23/81,M ,Single,US Citizen,No,Black or African American,11/5/07,,N/A - still employed,Active,Production       ,David Stanley,14,Search Engine - Google Bing Yahoo,Fully Meets,3.66,3,0,2/25/19,0
"Potts, Xana",1102024106,1,1,0,1,6,3,0,55,0,3,Area Sales Manager,KY,40220,8/29/88,F,Married,US Citizen,No,Black or African American,1/9/12,,N/A - still employed,Active,Sales,Lynn Daneault,21,Website Banner Ads,Fully Meets,4.2,5,0,2/1/19,0
"Power, Morissa",1102024274,0,2,0,5,5,3,0,19,1,19,Production Technician I,MA,1742,10/15/84,F,Divorced,Eligible NonCitizen,No,Asian,5/16/11,6/4/11,Another position,Voluntarily Terminated,Production       ,Kissy Sullivan,20,Social Networks - Facebook Twitter etc,Fully Meets,3.17,4,0,,
"Punjabhi, Louis  ",1401064562,0,0,1,1,5,3,0,16,0,19,Production Technician I,MA,2109,6/19/61,M ,Single,US Citizen,No,White,1/6/14,,N/A - still employed,Active,Production       ,Kelley Spirea,18,Employee Referral,Fully Meets,2.45,3,0,1/7/19,0
"Purinton, Janine",1011022926,0,2,0,5,5,3,0,16,1,19,Production Technician I,MA,2474,9/22/70,F,Divorced,US Citizen,No,White,9/24/12,6/18/13,unhappy,Voluntarily Terminated,Production       ,Kissy Sullivan,20,Billboard,Fully Meets,1.5,5,0,,
"Quinn, Sean",1206043417,1,1,1,5,1,3,1,55,1,23,Shared Services Manager,MA,2045,11/6/84,M ,Married,Eligible NonCitizen,No,Black or African American,2/21/11,8/15/15,career change,Voluntarily Terminated,Admin Offices,Janet King,2,Diversity Job Fair,Fully Meets,4.15,4,0,,
"Rachael, Maggie",1009919940,1,1,0,1,3,3,0,45,0,4,BI Developer,MA,2110,5/12/80,F,Married,US Citizen,No,Black or African American,10/2/16,,N/A - still employed,Active,IT/IS,Brian Champaigne,13,Indeed,Fully Meets,2.02,4,6,2/6/19,0
"Rarrick, Quinn",1208048229,0,2,1,5,5,3,0,21,1,19,Production Technician I,MA,2478,12/31/84,M ,Divorced,US Citizen,No,White,9/26/11,4/7/12,more money,Voluntarily Terminated,Production       ,Michael Albert,22,Pay Per Click - Google,Fully Meets,3.8,5,0,,
"Rhoads, Thomas",1211050793,0,2,1,5,5,3,0,20,1,19,Production Technician I,MA,2176,7/22/82,M ,Divorced,US Citizen,Yes,White,5/16/11,1/15/16,retiring,Voluntarily Terminated,Production       ,Elijiah Gray,16,Professional Society,Fully Meets,5,4,0,,
"Riordan, Michael",1502072711,0,3,1,1,6,4,0,55,0,3,Area Sales Manager,ND,58782,1/15/68,M ,Separated,US Citizen,No,White,1/9/06,,N/A - still employed,Active,Sales,Lynn Daneault,21,Billboard,Exceeds,4.1,3,0,1/4/19,0
"Rivera, Haley  ",1405067642,1,1,0,1,5,4,0,22,0,19,Production Technician I,MA,2171,1/12/73,F,Married,US Citizen,No,Asian,11/28/11,,N/A - still employed,Active,Production       ,Webster Butler,,Search Engine - Google Bing Yahoo,Exceeds,4.36,5,0,2/11/19,0
"Roberson, May",1402065340,0,2,0,5,5,3,0,26,1,20,Production Technician II,MA,1902,9/5/81,F,Divorced,Eligible NonCitizen,No,White,9/26/11,10/22/11,return to school,Voluntarily Terminated,Production       ,David Stanley,14,Search Engine - Google Bing Yahoo,Fully Meets,2.19,4,0,,
"Robertson, Peter",1499902991,1,1,1,5,5,3,0,22,1,20,Production Technician II,MA,2138,7/3/72,M ,Married,US Citizen,No,White,7/5/11,2/8/12,Another position,Voluntarily Terminated,Production       ,Kissy Sullivan,20,Glassdoor,Fully Meets,2.48,5,0,,
"Robinson, Alain  ",1206038000,1,1,1,5,5,3,0,24,1,19,Production Technician I,MA,1420,1/7/74,M ,Married,US Citizen,No,Black or African American,1/10/11,1/26/16,attendance,Voluntarily Terminated,Production       ,Amy Dunn,11,Glassdoor,Fully Meets,5,3,0,,
"Robinson, Cherly",1403065625,1,1,0,4,5,2,0,16,1,19,Production Technician I,MA,1460,1/7/85,F,Married,US Citizen,No,White,1/10/11,5/17/16,attendance,Terminated for Cause,Production       ,Ketsia Liebig,19,Glassdoor,Needs Improvement,3.6,3,0,,
"Robinson, Elias",1011022887,0,4,1,1,5,4,0,17,0,19,Production Technician I,MA,1730,1/28/85,M ,Widowed,US Citizen,No,White,7/8/13,,N/A - still employed,Active,Production       ,Brannon Miller,12,Employee Referral,Exceeds,3.02,5,0,2/11/19,0
"Roby, Lori ",1407068885,1,1,0,1,3,3,0,39.55,0,9,Data Analyst,MA,1886,10/11/81,F,Married,US Citizen,No,White,2/16/15,,N/A - still employed,Active,IT/IS,Simon Roup,4,Employee Referral,Fully Meets,3.69,5,6,2/14/19,0
"Roehrich, Bianca",1111030266,0,0,0,5,3,3,0,58.5,1,29,Principal Data Architect,MA,2703,5/27/73,F,Single,US Citizen,Yes,White,1/5/15,11/10/15,Another position,Voluntarily Terminated,IT/IS,Simon Roup,4,Vendor Referral,Fully Meets,3.88,3,7,,
"Rogers, Ivan",1203032255,1,1,1,1,3,3,0,42.2,0,9,Data Analyst,MA,1810,8/26/86,M ,Married,US Citizen,No,White,3/30/15,,N/A - still employed,Active,IT/IS,Simon Roup,4,Pay Per Click - Google,Fully Meets,3.04,3,6,1/22/19,0
"Roper, Katie",1009919950,0,0,0,1,3,3,0,55,0,7,Data Architect,MA,2056,11/21/72,F,Single,US Citizen,No,Black or African American,1/7/17,,N/A - still employed,Active,IT/IS,Brian Champaigne,13,Indeed,Fully Meets,4.94,3,5,2/6/19,0
"Rose, Ashley  ",710007555,0,3,0,1,5,3,0,17,0,19,Production Technician I,MA,1886,12/5/74,F,Separated,US Citizen,No,White,1/6/14,,N/A - still employed,Active,Production       ,David Stanley,14,Website Banner Ads,Fully Meets,5,4,0,1/31/19,0
"Rossetti, Bruno",1405067492,0,0,1,5,5,3,0,18,1,19,Production Technician I,MA,2155,3/18/87,M ,Single,US Citizen,No,White,4/4/11,8/13/12,Another position,Voluntarily Terminated,Production       ,Kissy Sullivan,20,Search Engine - Google Bing Yahoo,Fully Meets,5,5,0,,
"Roup,Simon",1106026933,0,0,1,1,3,3,0,62,0,13,IT Manager - DB,MA,2481,4/5/73,M ,Single,US Citizen,No,White,1/20/13,,N/A - still employed,Active,IT/IS,Jennifer Zamora,5,Professional Society,Fully Meets,2.96,5,7,2/18/19,0
"Ruiz, Ricardo",1001175250,0,2,1,5,3,3,1,21,1,13,IT Manager - DB,MA,1915,1/4/64,M ,Divorced,US Citizen,No,Two or more races,1/9/12,11/4/15,hours,Voluntarily Terminated,IT/IS,Jennifer Zamora,5,Diversity Job Fair,Fully Meets,2.51,4,6,,
"Saada, Adell",1012023185,1,1,0,1,4,3,0,49.25,0,24,Software Engineer,MA,2132,7/24/86,F,Married,US Citizen,No,White,11/5/12,,N/A - still employed,Active,Software Engineering,Alex Sweetwater,10,Pay Per Click - Google,Fully Meets,1.74,3,6,2/13/19,0
"Saar-Beckles, Melinda",1410070998,0,0,0,2,5,2,1,20,0,19,Production Technician I,MA,1801,6/6/68,F,Single,US Citizen,No,Black or African American,7/4/16,,N/A - Has not started yet,Future Start,Production       ,Kelley Spirea,18,Diversity Job Fair,Needs Improvement,1.12,4,0,2/18/19,0
"Sadki, Nore  ",1308060535,0,0,1,5,5,3,0,21,1,19,Production Technician I,MA,2148,12/21/74,M ,Single,US Citizen,No,White,1/5/09,7/30/10,relocation out of area,Voluntarily Terminated,Production       ,Michael Albert,22,Word of Mouth,Fully Meets,1.53,5,0,,
"Sahoo, Adil",1106026462,1,1,1,1,5,3,0,29,0,20,Production Technician II,MA,2062,4/26/86,M ,Married,US Citizen,No,White,8/30/10,,N/A - still employed,Active,Production       ,Kelley Spirea,18,Monster.com,Fully Meets,2.08,3,0,1/10/19,0
"Salter, Jason",1111030148,0,2,1,5,3,3,0,45,1,9,Data Analyst ,MA,2452,12/17/87,M ,Divorced,US Citizen,No,Black or African American,1/5/15,10/31/15,hours,Voluntarily Terminated,IT/IS,Simon Roup,4,Vendor Referral,Fully Meets,2.19,3,5,,
"Sander, Kamrin",1302053362,1,1,0,1,5,3,0,21,0,19,Production Technician I,MA,2154,7/10/88,F,Married,US Citizen,No,Black or African American,9/29/14,,N/A - still employed,Active,Production       ,Elijiah Gray,16,On-campus Recruiting,Fully Meets,3.51,3,0,2/18/19,0
"Semizoglou, Jeremiah  ",904013591,1,1,1,2,3,3,0,53.8,0,28,Sr. Network Engineer,MA,1545,2/9/83,M ,Married,US Citizen,No,Asian,6/30/16,,N/A - Has not started yet,Future Start,IT/IS,Peter Monroe,7,On-campus Recruiting,Fully Meets,3.27,4,5,1/14/19,0
"Sewkumar, Nori",807010161,0,0,0,3,5,3,0,15.2,0,19,Production Technician I,MA,2191,3/10/75,F,Single,US Citizen,No,Asian,9/30/13,,N/A - still employed,Leave of Absence,Production       ,Webster Butler,,Search Engine - Google Bing Yahoo,Fully Meets,5,5,0,2/21/19,0
"Shepard, Anita ",906014183,1,1,0,1,3,3,0,47,0,15,Network Engineer,MA,1773,4/14/81,F,Married,US Citizen,No,White,9/30/14,,N/A - still employed,Active,IT/IS,Peter Monroe,7,Vendor Referral,Fully Meets,3.31,3,6,1/7/19,0
"Shields, Seffi",1205033102,1,1,0,1,5,3,0,15,0,19,Production Technician I,MA,2149,8/24/85,F,Married,US Citizen,No,White,8/19/13,,N/A - still employed,Active,Production       ,Amy Dunn,11,Newspager/Magazine,Fully Meets,4.81,4,0,2/15/19,0
"Simard, Kramer",808010278,1,1,1,1,3,3,0,30.2,0,9,Data Analyst,MA,2110,2/8/70,M ,Married,US Citizen,Yes,White,1/5/15,,N/A - still employed,Active,IT/IS,Simon Roup,4,Employee Referral,Fully Meets,3.32,3,7,1/14/19,0
"Singh, Nan ",1307059817,0,0,0,1,1,3,0,16.56,0,2,Administrative Assistant,MA,2330,5/19/88,F,Single,US Citizen,No,White,5/1/15,,N/A - still employed,Active,Admin Offices,Brandon R. LeBlanc,1,Website Banner Ads,Fully Meets,5,3,5,1/15/19,0
"Sloan, Constance",1012023103,0,0,0,5,5,3,0,23,1,20,Production Technician II,MA,1851,11/25/87,F,Single,US Citizen,No,White,10/26/09,4/8/15,maternity leave - did not return,Voluntarily Terminated,Production       ,Michael Albert,22,Monster.com,Fully Meets,4.68,4,0,,
"Smith, Jason",1009919980,0,0,1,1,3,3,0,46,0,4,BI Developer,MA,2045,9/4/83,M ,Single,US Citizen,No,White,2/15/17,,N/A - still employed,Active,IT/IS,Brian Champaigne,13,Indeed,Fully Meets,3.01,5,7,1/23/19,0
"Smith, Joe",1001970770,0,0,1,1,5,4,0,22,0,20,Production Technician II,MA,2045,10/30/63,M ,Single,US Citizen,No,White,9/29/14,,N/A - still employed,Active,Production       ,Elijiah Gray,16,Pay Per Click - Google,Exceeds,2.41,3,0,1/28/19,0
"Smith, John",1499902910,0,2,1,1,6,2,1,56,0,21,Sales Manager,MA,1886,8/16/84,M ,Divorced,US Citizen,No,Black or African American,5/18/14,,N/A - still employed,Active,Sales,Debra Houlihan,15,Diversity Job Fair,Needs Improvement,1.62,4,0,1/16/19,0
"Smith, Leigh Ann",711007713,1,1,0,5,1,3,1,20.5,1,2,Administrative Assistant,MA,1844,6/14/87,F,Married,US Citizen,No,Asian,9/26/11,9/25/13,career change,Voluntarily Terminated,Admin Offices,Brandon R. LeBlanc,1,Diversity Job Fair,Fully Meets,3.8,4,4,,
"Smith, Sade",1501071909,0,0,0,1,5,3,0,24.5,0,19,Production Technician I,MA,2130,2/2/65,F,Single,US Citizen,No,White,11/11/13,,N/A - still employed,Active,Production       ,Ketsia Liebig,19,Employee Referral,Fully Meets,3.73,3,0,1/24/19,0
"Soto, Julia ",1203032263,1,1,0,1,3,3,0,27.49,0,14,IT Support,MA,2360,3/12/73,F,Married,US Citizen,No,Black or African American,6/10/11,,N/A - still employed,Active,IT/IS,Eric Dougall,6,Information Session,Fully Meets,4.3,3,5,2/8/19,0
"South, Joe",1308060959,0,0,1,1,3,3,0,53,0,28,Sr. Network Engineer,CT,6278,9/9/65,M ,Single,US Citizen,No,White,11/10/14,,N/A - still employed,Active,IT/IS,Peter Monroe,7,Employee Referral,Fully Meets,5,3,4,1/2/19,0
"Sparks, Taylor  ",1410071137,1,1,0,1,5,1,0,16,0,19,Production Technician I,MA,2093,7/20/68,F,Married,US Citizen,No,White,2/20/12,,N/A - still employed,Active,Production       ,Brannon Miller,12,Billboard,PIP,4.11,2,0,2/25/19,0
"Spirea, Kelley",1102024149,1,1,0,1,5,3,0,52,0,18,Production Manager,MA,2451,9/30/75,F,Married,US Citizen,No,White,10/2/12,,N/A - still employed,Active,Production       ,Janet King,2,Vendor Referral,Fully Meets,4.83,5,0,2/14/19,0
"Squatrito, Kristen",1405067138,0,2,0,5,5,4,0,21,1,19,Production Technician I,MA,2359,3/26/73,F,Divorced,US Citizen,No,White,5/13/13,6/29/15,unhappy,Voluntarily Terminated,Production       ,David Stanley,14,MBTA ads,Exceeds,1.97,4,0,,
"Stanford,Barbara  M",1111030244,0,2,0,1,5,3,0,14,0,19,Production Technician I,MA,2050,8/25/82,F,Divorced,US Citizen,No,Two or more races,1/10/11,,N/A - still employed,Active,Production       ,Kissy Sullivan,20,Word of Mouth,Fully Meets,1.05,4,0,2/7/19,0
"Stanley, David ",1000974650,0,2,1,1,5,2,0,53,0,18,Production Manager,MA,1803,12/17/75,M ,Divorced,US Citizen,No,White,7/20/10,,N/A - still employed,Active,Production       ,Janet King,2,Monster.com,Needs Improvement,4.13,2,0,1/14/19,0
"Steans, Tyrone  ",1302053333,0,0,1,1,1,3,0,29,0,1,Accountant I,MA,2703,9/1/86,M ,Single,US Citizen,No,White,9/29/14,,N/A - still employed,Active,Admin Offices,Brandon R. LeBlanc,1,Internet Search,Fully Meets,3.9,5,5,1/18/19,0
"Stoica, Rick",1106026896,1,1,1,1,5,3,0,22,0,19,Production Technician I,MA,2301,3/14/85,M ,Married,US Citizen,No,Asian,2/17/14,,N/A - still employed,Active,Production       ,Kelley Spirea,18,On-campus Recruiting,Fully Meets,1.39,3,0,1/11/19,0
"Strong, Caitrin",1411071295,1,1,0,1,6,3,0,54,0,3,Area Sales Manager,MT,59102,5/12/89,F,Married,US Citizen,No,Black or African American,9/27/10,,N/A - still employed,Active,Sales,John Smith,17,Professional Society,Fully Meets,2,4,0,1/31/19,0
"Sullivan, Kissy ",1405067298,1,1,0,1,5,3,0,55,0,18,Production Manager,MA,1776,3/28/78,F,Married,US Citizen,No,Black or African American,1/8/09,,N/A - still employed,Active,Production       ,Janet King,2,Billboard,Fully Meets,3.73,4,0,1/24/19,0
"Sullivan, Timothy",1201031310,1,1,1,1,5,3,0,19,0,19,Production Technician I,MA,2747,10/7/82,M ,Married,US Citizen,Yes,White,1/5/15,,N/A - still employed,Active,Production       ,Michael Albert,22,Word of Mouth,Fully Meets,4.36,5,0,1/24/19,0
"Sutwell, Barbara",1407069061,0,0,0,1,5,3,0,14,0,19,Production Technician I,MA,2718,8/15/68,F,Single,Eligible NonCitizen,No,Asian,5/14/12,,N/A - still employed,Active,Production       ,Elijiah Gray,16,Glassdoor,Fully Meets,2.77,5,0,1/31/19,0
"Sweetwater, Alex",1001644719,0,0,1,1,4,3,0,27,0,25,Software Engineering Manager,MA,2184,11/22/66,M ,Single,US Citizen,No,White,8/15/11,,N/A - still employed,Active,Software Engineering,Jennifer Zamora,5,Search Engine - Google Bing Yahoo,Fully Meets,3.84,3,5,1/21/19,0
"Szabo, Andrew",1201031324,0,0,1,1,4,4,0,48,0,24,Software Engineer,MA,2140,5/6/83,M ,Single,US Citizen,No,White,7/7/14,,N/A - still employed,Active,Software Engineering,Alex Sweetwater,10,MBTA ads,Exceeds,2.61,5,5,2/18/19,0
"Tavares, Desiree  ",1405067501,1,1,0,5,5,3,1,15,1,19,Production Technician I,MA,1801,4/3/75,F,Married,Non-Citizen,No,Two or more races,4/27/09,4/1/13,Another position,Voluntarily Terminated,Production       ,Webster Butler,39,Diversity Job Fair,Fully Meets,2.52,5,0,,
"Tejeda, Lenora ",1406068345,1,1,0,5,5,3,0,28.75,1,20,Production Technician II,MA,2129,5/24/53,F,Married,US Citizen,No,White,5/16/11,7/8/12,Another position,Voluntarily Terminated,Production       ,Elijiah Gray,16,Search Engine - Google Bing Yahoo,Fully Meets,3.93,3,0,,
"Terry, Sharlene ",1401064637,0,0,0,1,6,3,0,55,0,3,Area Sales Manager,OR,97756,5/7/65,F,Single,US Citizen,No,Black or African American,9/29/14,,N/A - still employed,Active,Sales,Lynn Daneault,21,Monster.com,Fully Meets,3.69,3,0,1/28/19,0
"Theamstern, Sophia",1404066739,0,0,0,5,5,3,0,20,1,19,Production Technician I,MA,2066,5/9/65,F,Single,US Citizen,No,White,7/5/11,9/5/11,return to school,Voluntarily Terminated,Production       ,Amy Dunn,11,Billboard,Fully Meets,3.98,4,0,,
"Thibaud, Kenneth",1011022777,0,4,1,5,5,3,0,23,1,20,Production Technician II,MA,2472,9/16/75,M ,Widowed,US Citizen,No,White,6/25/07,8/30/10,military,Voluntarily Terminated,Production       ,Webster Butler,39,Pay Per Click - Google,Fully Meets,1.37,4,0,,
"Tinto, Theresa  ",1103024504,0,2,0,5,5,3,0,20,1,19,Production Technician I,MA,1876,7/30/83,F,Divorced,US Citizen,No,White,1/10/11,5/14/11,Another position,Voluntarily Terminated,Production       ,Ketsia Liebig,19,Social Networks - Facebook Twitter etc,Fully Meets,2.81,5,0,,
"Tippett, Jeanette",1409070255,0,2,0,1,5,3,0,24,0,19,Production Technician I,MA,2093,6/5/67,F,Divorced,US Citizen,No,Black or African American,2/18/13,,N/A - still employed,Active,Production       ,Brannon Miller,12,Billboard,Fully Meets,4.21,5,0,1/14/19,0
"Trang, Mei",1012023152,0,0,0,1,5,2,0,22,0,19,Production Technician I,MA,2021,5/16/83,F,Single,US Citizen,No,White,2/17/14,,N/A - still employed,Active,Production       ,David Stanley,14,Professional Society,Needs Improvement,2.44,5,0,2/11/19,0
"Tredinnick, Neville ",1104025466,1,1,1,5,3,3,0,28,1,15,Network Engineer,MA,1420,5/5/88,M ,Married,US Citizen,No,White,1/5/15,5/12/15,medical issues,Voluntarily Terminated,IT/IS,Peter Monroe,7,Monster.com,Fully Meets,5,3,5,,
"True, Edward",1102024057,0,0,1,5,4,3,1,45.42,1,24,Software Engineer,MA,2451,6/14/83,M ,Single,Non-Citizen,No,Black or African American,2/18/13,4/15/14,medical issues,Voluntarily Terminated,Software Engineering,Alex Sweetwater,10,Diversity Job Fair,Fully Meets,1.11,3,4,,
"Trzeciak, Cybil",1107027551,0,0,0,5,5,3,0,22,1,20,Production Technician II,MA,1778,3/15/85,F,Single,US Citizen,No,White,1/10/11,7/2/12,unhappy,Voluntarily Terminated,Production       ,Amy Dunn,11,Vendor Referral,Fully Meets,1.3,3,0,,
"Turpin, Jumil",1411071506,1,1,1,1,3,3,0,49.1,0,15,Network Engineer,MA,2343,3/31/69,M ,Married,Eligible NonCitizen,No,White,3/30/15,,N/A - still employed,Active,IT/IS,Peter Monroe,7,Employee Referral,Fully Meets,5,4,7,1/14/19,0
"Valentin,Jackie",1312063714,1,1,0,1,6,3,0,55,0,3,Area Sales Manager,AZ,85006,5/23/91,F,Married,US Citizen,No,Two or more races,7/5/11,,N/A - still employed,Active,Sales,John Smith,17,Other,Fully Meets,2.81,3,0,1/17/19,0
"Veera, Abdellah ",1203032235,0,2,1,5,5,4,0,19,1,19,Production Technician I,MA,2171,1/31/87,M ,Divorced,US Citizen,No,White,8/13/12,2/5/16,maternity leave - did not return,Voluntarily Terminated,Production       ,Kissy Sullivan,20,Information Session,Exceeds,3.84,5,0,,
"Villanueva, Noah",1111030503,0,0,1,1,6,3,0,56,0,3,Area Sales Manager,ME,4063,7/11/89,M ,Single,US Citizen,No,Asian,3/5/12,,N/A - still employed,Active,Sales,John Smith,17,Website Banner Ads,Fully Meets,1.77,4,0,1/18/19,0
"Volk, Colleen",1011022814,1,1,0,4,5,4,0,21,1,19,Production Technician I,MA,2747,6/3/86,F,Married,US Citizen,No,White,9/26/11,2/8/16,gross misconduct,Terminated for Cause,Production       ,Kelley Spirea,18,Social Networks - Facebook Twitter etc,Exceeds,2.79,5,0,,
"Von Massenbach, Anna",1106026474,0,0,0,2,5,3,0,20,0,19,Production Technician I,MA,2124,4/6/85,F,Single,US Citizen,No,White,7/5/15,,N/A - Has not started yet,Future Start,Production       ,Michael Albert,22,Newspager/Magazine,Fully Meets,3.21,3,0,1/29/19,0
"Walker, Roger",1011022818,0,0,1,1,5,3,0,22,0,20,Production Technician II,MA,2459,2/10/76,M ,Single,US Citizen,No,Black or African American,8/18/14,,N/A - still employed,Active,Production       ,Ketsia Liebig,19,Employee Referral,Fully Meets,3.11,5,0,2/12/19,0
"Wallace, Courtney  E",1410071026,1,1,0,5,5,3,1,33.5,1,18,Production Manager,MA,2478,11/14/55,F,Married,US Citizen,No,Black or African American,9/26/11,1/2/12,Another position,Voluntarily Terminated,Production       ,Janet King,2,Diversity Job Fair,Fully Meets,1.18,3,0,,
"Wallace, Theresa",1101023619,0,0,0,5,5,2,0,15,1,19,Production Technician I,MA,1887,8/2/80,F,Single,US Citizen,No,White,8/13/12,9/1/15,career change,Voluntarily Terminated,Production       ,Elijiah Gray,16,Monster.com,Needs Improvement,1.27,3,0,,
"Wang, Charlie",1009919970,0,0,1,1,3,3,0,51,0,22,Senior BI Developer,MA,1887,7/8/81,M ,Single,US Citizen,No,Asian,2/15/17,,N/A - still employed,Active,IT/IS,Brian Champaigne,13,Indeed,Fully Meets,3.42,4,7,1/4/19,0
"Warfield, Sarah",1301052347,0,4,0,1,3,3,0,55.2,0,28,Sr. Network Engineer,MA,2453,5/2/78,F,Widowed,US Citizen,No,Asian,3/30/15,,N/A - still employed,Active,IT/IS,Peter Monroe,7,Employee Referral,Fully Meets,1.06,4,8,2/5/19,0
"Westinghouse, Matthew",1009919990,1,1,1,1,3,3,0,45,0,4,BI Developer,MA,2134,10/24/87,M ,Married,US Citizen,No,White,4/20/17,,N/A - still employed,Active,IT/IS,Brian Champaigne,13,Indeed,Fully Meets,1.82,3,6,1/2/19,0
"Whittier, Scott",1307060212,0,0,1,5,5,3,0,23,1,19,Production Technician I,MA,2030,5/24/87,M ,Single,US Citizen,Yes,White,1/10/11,5/15/11,hours,Voluntarily Terminated,Production       ,Webster Butler,39,Newspager/Magazine,Fully Meets,5,5,0,,
"Wilber, Barry",1101023839,1,1,1,5,5,3,0,21,1,19,Production Technician I,MA,2324,9/9/65,M ,Married,Eligible NonCitizen,No,White,5/16/11,9/7/15,unhappy,Voluntarily Terminated,Production       ,Amy Dunn,11,Website Banner Ads,Fully Meets,5,3,0,,
"Williams, Jacquelyn  ",1308060671,0,0,0,5,5,3,1,16,1,19,Production Technician I,MA,2109,10/2/69,F,Single,US Citizen,Yes,Two or more races,1/9/12,6/27/15,relocation out of area,Voluntarily Terminated,Production       ,Ketsia Liebig,19,Diversity Job Fair,Fully Meets,1.44,4,0,,
"Winthrop, Jordan  ",1405067188,0,0,1,5,5,4,0,29,1,20,Production Technician II,MA,2045,11/7/58,M ,Single,US Citizen,No,White,1/7/13,2/21/16,retiring,Voluntarily Terminated,Production       ,Brannon Miller,12,Professional Society,Exceeds,1.67,3,0,,
"Wolk, Hang  T",1205033180,0,0,0,1,5,3,0,22,0,20,Production Technician II,MA,2302,4/20/85,F,Single,US Citizen,No,White,9/29/14,,N/A - still employed,Active,Production       ,David Stanley,14,Newspager/Magazine,Fully Meets,3.4,4,0,2/21/19,0
"Woodson, Jason",1012023010,0,0,1,1,5,3,0,24.25,0,20,Production Technician II,MA,1810,5/11/85,M ,Single,US Citizen,No,White,7/7/14,,N/A - still employed,Active,Production       ,Kissy Sullivan,20,Vendor Referral,Fully Meets,4.07,4,0,2/28/19,0
"Ybarra, Catherine ",1001268402,0,0,0,5,5,1,0,22,1,19,Production Technician I,MA,2458,5/4/82,F,Single,US Citizen,No,Asian,9/2/08,9/29/15,Another position,Voluntarily Terminated,Production       ,Brannon Miller,12,Search Engine - Google Bing Yahoo,PIP,4.29,2,0,,
"Zamora, Jennifer",1112030816,0,0,0,1,3,4,0,65,0,6,CIO,MA,2067,8/30/79,F,Single,US Citizen,No,White,4/10/10,,N/A - still employed,Active,IT/IS,Janet King,2,Employee Referral,Exceeds,1.12,5,6,2/21/19,0
"Zhou, Julia",1110029732,0,0,0,1,3,3,0,31.4,0,9,Data Analyst,MA,2148,2/24/79,F,Single,US Citizen,No,White,3/30/15,,N/A - still employed,Active,IT/IS,Simon Roup,4,Employee Referral,Fully Meets,5,3,5,2/1/19,0
"Zima, Colleen",1211051232,0,4,0,1,5,3,0,15,0,19,Production Technician I,MA,1730,8/17/78,F,Widowed,US Citizen,No,Asian,9/29/14,,N/A - still employed,Active,Production       ,David Stanley,14,On-campus Recruiting,Fully Meets,1.24,5,0,1/30/19,0