employee_no,position,department,pay_rate,flsa_status,hire_date,term_date,term_reason,status,manager_name,performance,days_employed,position_id,engagement_score,emp_satisfaction,source,post_education,school,citizen_desc,race_desc,hispanic_latino,state,zip,date_of_birth,age,sex,marital_desc
1106026572,Accountant I,Admin Offices,23,Exempt,1/6/14,,N/A - still employed,Active,Brandon R. LeBlanc,Fully Meets,1420,1,5,4,Website Banner Ads,Associates,New York University,US Citizen,White,No,MA,1460,4/26/84,33,Male,Divorced
1103024456,Accountant I,Admin Offices,28.5,Exempt,10/27/08,,N/A - still employed,Active,Brandon R. LeBlanc,Fully Meets,3317,1,2.04,2,Diversity Job Fair,Bachelors,New York University,US Citizen,White,No,MA,1450,11/24/85,32,Female,Married
1302053333,Accountant I,Admin Offices,29,Exempt,9/29/14,,N/A - still employed,Active,Brandon R. LeBlanc,Fully Meets,1154,1,3.9,5,Internet Search,Bachelors,Cornell University,US Citizen,White,No,MA,2703,9/1/86,31,Male,Single
711007713,Administrative Assistant,Admin Offices,20.5,Non Exempt,9/26/11,,N/A - still employed,Active,Brandon R. LeBlanc,Fully Meets,730,2,3.8,4,Diversity Job Fair,Associates,California State University-Chico,US Citizen,Asian,No,MA,1844,6/14/87,30,Female,Married
1307059817,Administrative Assistant,Admin Offices,16.56,Non Exempt,5/1/15,,N/A - still employed,Active,Brandon R. LeBlanc,N/A- too early to review,940,2,5,3,Website Banner Ads,Bachelors,Brown University,US Citizen,White,No,MA,2330,5/19/88,29,Female,Single
1211050782,Administrative Assistant,Admin Offices,21.5,Non Exempt,2/16/15,,N/A - still employed,Active,Brandon R. LeBlanc,N/A- too early to review,58,2,3.24,3,Pay Per Click - Google,No ,No,US Citizen,White,No,MA,2170,9/16/85,32,Female,Married
1411071302,Area Sales Manager,Sales,55,Exempt,9/6/11,,N/A - still employed,Active,Lynn Daneault,Fully Meets,2273,3,1.64,3,Monster.com,Associates,Cuyahoga Community College,US Citizen,White,No,CT,6050,8/28/63,54,Male,Single
1203032099,Area Sales Manager,Sales,55,Exempt,2/16/15,,N/A - still employed,Active,Lynn Daneault,90-day meets,1014,3,1.72,5,Pay Per Click - Google,Associates,Valpariaso University,US Citizen,White,No,IN,46204,9/22/89,28,Female,Single
1209049326,Area Sales Manager,Sales,55,Exempt,7/6/16,,N/A - still employed,Active,Lynn Daneault,N/A- too early to review,508,3,2.91,4,Website Banner Ads,Associates,Tarrant Community College,US Citizen,White,No,TX,78789,7/1/84,33,Male,Married
1502072711,Area Sales Manager,Sales,55,Exempt,1/9/06,,N/A - still employed,Active,Lynn Daneault,Exceeds,4339,3,4.1,3,Billboard,Associates,Minot State University,US Citizen,White,No,ND,58782,1/15/68,50,Male,Separated
1408069481,Area Sales Manager,Sales,55,Exempt,2/20/12,,N/A - still employed,Active,John Smith,PIP,2106,3,1.2,1,Website Banner Ads,Bachelors,University of Washington,US Citizen,White,Yes,WA,98052,5/14/87,30,Female,Single
1306059197,Area Sales Manager,Sales,56,Exempt,8/18/14,,N/A - still employed,Active,John Smith,Fully Meets,1196,3,3.6,5,Pay Per Click - Google,Bachelors,University of Maine,US Citizen,American Indian or Alaska Native,No,NH,3062,9/14/88,29,Male,Married
1204032843,Area Sales Manager,Sales,55.5,Exempt,3/7/11,,N/A - still employed,Active,John Smith,Fully Meets,2456,3,3.65,5,Diversity Job Fair,Bachelors,State University of New York,US Citizen,White,Yes,NY,10171,2/24/69,48,Male,Single
1411071481,Area Sales Manager,Sales,55.5,Exempt,5/12/14,,N/A - still employed,Active,John Smith,Fully Meets,1294,3,3.98,3,Monster.com,Bachelors,Arkansas State,US Citizen,White,No,ID,83706,10/12/54,63,Male,Married
1001084890,Area Sales Manager,Sales,56,Exempt,5/12/14,,N/A - still employed,Active,Lynn Daneault,PIP,1294,3,1.81,2,Website Banner Ads,Bachelors,University of Nevada Las Vegas,US Citizen,White,No,NV,89139,5/9/74,43,Male,Married
1104025008,Area Sales Manager,Sales,55,Exempt,8/19/13,,N/A - still employed,Active,Lynn Daneault,Fully Meets,1560,3,2.19,5,Pay Per Click - Google,Bachelors,University of Utah,US Citizen,White,No,CO,80820,11/27/79,38,Male,Single
1412071660,Area Sales Manager,Sales,55,Exempt,4/30/12,,N/A - still employed,Active,John Smith,Fully Meets,2036,3,4.53,3,Website Banner Ads,Bachelors,University of Utah,US Citizen,White,No,UT,84111,12/27/88,29,Male,Separated
1209048771,Area Sales Manager,Sales,56,Exempt,5/14/12,,N/A - still employed,Active,Lynn Daneault,Fully Meets,2022,3,2.94,5,Employee Referral,Bachelors,University of Texas,Eligible NonCitizen,White,No,TX,78207,6/11/70,47,Male,Single
1306057978,Area Sales Manager,Sales,55,Exempt,9/29/14,,N/A - still employed,Active,John Smith,Needs Improvement,1154,3,1.93,3,Internet Search,Bachelors,University of West Alabama,US Citizen,White,No,AL,36006,11/2/75,42,Male,Single
1111030684,Area Sales Manager,Sales,55,Exempt,7/8/13,,N/A - still employed,Active,Lynn Daneault,Fully Meets,1602,3,5,5,Pay Per Click - Google,Bachelors,University of Georgia,US Citizen,White,No,GA,30428,3/31/89,28,Female,Single
1501072180,Area Sales Manager,Sales,57,Exempt,9/30/13,,N/A - still employed,Active,Lynn Daneault,Fully Meets,1518,3,4.28,3,Pay Per Click - Google,Bachelors,Florida State University,US Citizen,White,Yes,FL,33174,5/11/90,27,Female,Single
1111030503,Area Sales Manager,Sales,56,Exempt,3/5/12,,N/A - still employed,Active,John Smith,Fully Meets,2092,3,1.77,4,Website Banner Ads,Bachelors,University of Maine,US Citizen,Asian,No,ME,4063,7/11/89,28,Male,Single
1403065721,Area Sales Manager,Sales,55,Exempt,8/18/14,,N/A - still employed,Active,John Smith,Fully Meets,1196,3,5,5,Billboard,Masters,Brown University,US Citizen,White,No,VT,5664,5/15/63,54,Female,Single
812011761,Area Sales Manager,Sales,55,Exempt,1/5/15,,N/A - still employed,Active,John Smith,90-day meets,1056,3,5,5,Website Banner Ads,Masters,Wake Forest University,US Citizen,White,No,NC,27229,5/19/82,35,Male,Single
1411071295,Area Sales Manager,Sales,54,Exempt,9/27/10,,N/A - still employed,Active,John Smith,Fully Meets,2617,3,2,4,Professional Society,Masters,Montana State University,US Citizen,White,No,MT,59102,5/12/89,28,Female,Married
1312063714,Area Sales Manager,Sales,55,Exempt,7/5/11,,N/A - still employed,Active,John Smith,Fully Meets,2336,3,2.81,3,Other,Masters,Arizona State University,US Citizen,White,No,AZ,85006,5/23/91,26,Female,Married
1504073313,Area Sales Manager,Sales,55,Exempt,9/29/14,,N/A - still employed,Active,Lynn Daneault,Fully Meets,1154,3,3.31,5,Employee Referral,No ,No,US Citizen,White,No,MA,2330,7/7/75,42,Male,Married
1409070567,Area Sales Manager,Sales,55,Exempt,1/10/11,,N/A - still employed,Active,Lynn Daneault,Exceeds,2512,3,4.77,5,Other,No ,No,US Citizen,White,No,CA,90007,11/8/88,29,Female,Single
1102024106,Area Sales Manager,Sales,55,Exempt,1/9/12,,N/A - still employed,Active,Lynn Daneault,Fully Meets,2148,3,4.2,5,Website Banner Ads,No ,No,US Citizen,White,No,KY,40220,8/29/88,29,Female,Married
1401064637,Area Sales Manager,Sales,55,Exempt,9/29/14,,N/A - still employed,Active,Lynn Daneault,Fully Meets,1154,3,3.69,3,Monster.com,No ,No,US Citizen,White,No,OR,97756,5/7/65,52,Female,Single
1112030816,CIO,IT/IS,65,Exempt,4/10/10,,N/A - still employed,Active,Janet King,Exceptional,2787,6,1.12,5,Employee Referral,Masters,Michigan University,US Citizen,White,No,MA,2067,8/30/79,38,Female,Single
1102024056,Database Administrator,IT/IS,43,Exempt,7/7/14,,N/A - still employed,Active,Simon Roup,Fully Meets,432,8,1.87,4,Search Engine - Google Bing Yahoo,Bachelors,University of Michigan,US Citizen,White,Yes,MA,2026,4/4/86,31,Female,Single
905013738,Database Administrator,IT/IS,48.5,Exempt,2/16/15,,N/A - still employed,Active,Simon Roup,Fully Meets,27,8,1.87,4,Glassdoor,Bachelors,University of Massachusetts Boston,US Citizen,White,No,MA,2127,10/23/71,46,Female,Single
1410071156,Database Administrator,IT/IS,40.1,Exempt,2/16/15,,N/A - still employed,Active,Simon Roup,N/A- too early to review,6,8,4.33,3,Employee Referral,Bachelors,University of Delaware,US Citizen,Black or African American,No,MA,1960,8/7/86,31,Male,Married
1105025718,Database Administrator,IT/IS,34,Exempt,3/30/15,,N/A - still employed,Active,Simon Roup,N/A- too early to review,972,8,4.48,5,Glassdoor,Bachelors,Florida State University,US Citizen,White,No,MA,2493,2/21/84,33,Female,Single
1003018246,Database Administrator,IT/IS,40,Exempt,1/5/15,,N/A - still employed,Active,Simon Roup,90-day meets,1056,8,3.75,3,Glassdoor,Bachelors,Florida State University,US Citizen,Asian,No,MA,2301,11/7/86,31,Female,Married
1406068403,Database Administrator,IT/IS,35.5,Exempt,11/10/14,,N/A - still employed,Active,Simon Roup,Exceptional,1112,9,4.28,4,Diversity Job Fair,Bachelors,Texas State University,US Citizen,White,No,TX,78230,7/4/88,29,Male,Divorced
1108027853,Database Administrator,IT/IS,42.75,Exempt,11/10/14,,N/A - still employed,Active,Simon Roup,Exceptional,1112,9,3.71,5,Employee Referral,Bachelors,Massachusetts Institute of Technology,US Citizen,Asian,No,MA,1886,9/16/84,33,Female,Married
1407068885,Database Administrator,IT/IS,39.55,Exempt,2/16/15,,N/A - still employed,Active,Simon Roup,Fully Meets,1014,9,3.69,5,Employee Referral,Bachelors,Colorado State University,US Citizen,White,No,MA,1886,10/11/81,36,Female,Married
1203032255,Database Administrator,IT/IS,42.2,Exempt,3/30/15,,N/A - still employed,Active,Simon Roup,N/A- too early to review,972,9,3.04,3,Pay Per Click - Google,Bachelors,Ohio University,US Citizen,White,No,MA,1810,8/26/86,31,Male,Married
808010278,Database Administrator,IT/IS,30.2,Exempt,1/5/15,,N/A - still employed,Active,Simon Roup,90-day meets,1056,9,3.32,3,Employee Referral,Bachelors,University of Massachusetts Boston,US Citizen,White,Yes,MA,2110,2/8/70,47,Male,Married
1110029732,Database Administrator,IT/IS,31.4,Exempt,3/30/15,,N/A - still employed,Active,Simon Roup,90-day meets,972,9,5,3,Employee Referral,Bachelors,Boston College,US Citizen,White,No,MA,2148,2/24/79,38,Female,Single
1006020066,Director of Operations,Production       ,60,Exempt,1/5/09,,N/A - still employed,Active,Janet King,Exceeds,3247,10,3.02,5,Other,Bachelors,University of Massachusetts Boston,US Citizen,White,No,MA,2030,3/19/83,34,Female,Single
1009021646,Director of Sales,Sales,60,Exempt,5/5/14,,N/A - still employed,Active,Janet King,Fully Meets,1301,11,1.22,4,MBTA ads,Masters,Souther Connecticut State University,US Citizen,White,No,RI,2908,3/17/66,51,Female,Married
1192991000,IT Director,IT/IS,65,Exempt,4/15/11,,N/A - still employed,Active,Jennifer Zamora,Exceptional,2417,12,3.76,5,Professional Society,Masters,University of Masschusetts Lowell,US Citizen,White,No,MA,1460,7/5/80,37,Male,Single
1106026933,IT Manager - DB,IT/IS,62,Exempt,1/20/13,,N/A - still employed,Active,Jennifer Zamora,Fully Meets,1771,13,2.96,5,Professional Society,Bachelors,Boston College,US Citizen,White,No,MA,2481,4/5/73,44,Male,Single
1011022863,IT Manager - Infra,IT/IS,63,Exempt,2/15/12,,N/A - still employed,Active,Jennifer Zamora,Needs Improvement,2111,13,2.39,3,Diversity Job Fair,Masters,University of Connecticut,Eligible NonCitizen,Hispanic,Yes,MA,2134,10/5/86,31,Male,Married
1101023754,IT Manager - Support,IT/IS,64,Exempt,1/5/14,,N/A - still employed,Active,Jennifer Zamora,Exceeds,1421,13,1.99,5,Professional Society,Bachelors,University of Massachusetts Boston,US Citizen,White,No,MA,1886,7/9/70,47,Male,Single
1301052902,IT Support,IT/IS,28.99,Non Exempt,9/5/12,,N/A - still employed,Active,Eric Dougall,Fully Meets,1908,14,2.55,3,Glassdoor,Associates,University of Connecticut,US Citizen,White,No,MA,2170,9/5/85,32,Male,Single
1501072093,IT Support,IT/IS,31.4,Non Exempt,5/1/10,,N/A - still employed,Active,Eric Dougall,Fully Meets,2766,14,1.21,4,Vendor Referral,Associates,Capital Community College,US Citizen,White,No,CT,6040,7/6/68,49,Female,Single
602000312,IT Support,IT/IS,26,Non Exempt,1/21/11,,N/A - still employed,Active,Eric Dougall,Exceeds,2501,14,4.64,4,Diversity Job Fair,Bachelors,University of Connecticut,US Citizen,Two or more races,Yes,CT,6070,10/5/88,29,Female,Single
1203032263,IT Support,IT/IS,27.49,Non Exempt,6/10/11,,N/A - still employed,Active,Eric Dougall,Fully Meets,2361,14,4.3,3,Information Session,Bachelors,Boston College,US Citizen,Black or African American,No,MA,2360,3/12/73,44,Female,Married
1212052023,Network Engineer,IT/IS,45,Exempt,1/5/15,,N/A - still employed,Active,Peter Monroe,90-day meets,1056,14,1.84,5,Glassdoor,Bachelors,Boston College,US Citizen,White,No,MA,1886,1/7/88,30,Male,Divorced
1102024173,Network Engineer,IT/IS,42,Exempt,3/30/15,,N/A - still employed,Active,Peter Monroe,N/A- too early to review,972,14,2.21,5,Information Session,Bachelors,North Carolina State University,US Citizen,White,Yes,MA,2135,11/24/89,28,Male,Married
1988299991,Network Engineer,IT/IS,39,Exempt,1/5/15,,N/A - still employed,Active,Peter Monroe,Fully Meets,1056,14,4.61,4,Employee Referral,Bachelors,University of Michigan,US Citizen,White,Yes,MA,2472,4/16/81,36,Female,Separated
906014183,Network Engineer,IT/IS,47,Exempt,9/30/14,,N/A - still employed,Active,Peter Monroe,Fully Meets,1153,15,3.31,3,Vendor Referral,Bachelors,Massachusetts Institute of Technology,US Citizen,White,No,MA,1773,4/14/81,36,Female,Married
1411071506,Network Engineer,IT/IS,49.1,Exempt,3/30/15,,N/A - still employed,Active,Peter Monroe,N/A- too early to review,972,15,5,4,Employee Referral,Doctoral,Stanford University,Eligible NonCitizen,White,No,MA,2343,3/31/69,48,Male,Married
1101023540,Network Engineer,IT/IS,37,Exempt,1/5/15,,N/A - still employed,Active,Peter Monroe,90-day meets,1056,14,4.11,4,Employee Referral,Masters,Marquette University,US Citizen,White,No,MA,2119,7/18/88,29,Female,Married
1012023013,Network Engineer,IT/IS,43,Exempt,3/30/15,,N/A - still employed,Active,Peter Monroe,N/A- too early to review,972,15,1.2,3,Vendor Referral,Masters,University of Georgia,US Citizen,White,No,MA,2138,6/18/87,30,Male,Single
1001956578,Network Engineer,IT/IS,27,Exempt,2/16/15,,N/A - still employed,Active,Peter Monroe,Fully Meets,1014,15,3.81,3,Monster.com,Masters,University of Massachusetts Boston,US Citizen,White,No,MA,2048,4/4/79,38,Female,Married
1001495124,President & CEO,Executive Office,80,Exempt,7/2/12,,N/A - still employed,Active,Board of Directors,Fully Meets,1973,16,4.83,3,Pay Per Click - Google,Bachelors,Arizona State University,US Citizen,White,Yes,MA,1902,9/21/54,63,Female,Married
1107027351,Production Manager,Production       ,53,Exempt,8/16/12,,N/A - still employed,Active,Janet King,Fully Meets,1928,18,4.37,3,Internet Search,Associates,Southern New Hampshire University,US Citizen,Hispanic,yes,MA,2045,8/10/81,36,Male,Single
1501072311,Production Manager,Production       ,54.5,Exempt,8/1/11,,N/A - still employed,Active,Janet King,Fully Meets,2309,17,3.93,3,Employee Referral,Bachelors,Univerity of Texas,US Citizen,White,No,MA,2169,10/10/68,49,Male,Divorced
1110029990,Production Manager,Production       ,55,Exempt,1/28/16,,N/A - still employed,Active,Janet King,Exceeds,668,18,5,3,Pay Per Click - Google,Bachelors,Boston College,US Citizen,White,No,MA,2169,8/9/83,34,Male,Single
1409070147,Production Manager,Production       ,51,Exempt,9/18/14,,N/A - still employed,Active,Janet King,Fully Meets,1165,18,4.52,4,Search Engine - Google Bing Yahoo,Bachelors,Boston College,US Citizen,White,No,MA,1731,11/28/73,44,Female,Single
1001944783,Production Manager,Production       ,48.5,Exempt,1/10/11,,N/A - still employed,Active,Janet King,Fully Meets,1797,18,4.78,4,Employee Referral,Bachelors,Southern Connecticut State University,US Citizen,White,No,MA,1890,7/1/72,45,Male,Married
1403065874,Production Manager,Production       ,42,Exempt,2/21/11,,N/A - still employed,Active,Janet King,Needs Improvement,581,18,2.34,2,Other,Bachelors,Western Connecticut State Univerity,US Citizen,Asian,No,MA,2128,11/15/76,41,Male,Married
1103024679,Production Manager,Production       ,55,Exempt,9/30/13,,N/A - still employed,Active,Janet King,Exceeds,1518,18,3.66,3,Website Banner Ads,Bachelors,Boston College,US Citizen,White,No,MA,2110,10/26/81,36,Female,Married
1402065355,Production Manager,Production       ,38.5,Exempt,10/25/10,,N/A - still employed,Active,Janet King,Fully Meets,2032,18,4.16,5,Internet Search,Bachelors,University of Masschusetts Lowell,US Citizen,White,No,MA,2030,5/9/77,40,Female,Married
1102024149,Production Manager,Production       ,52,Exempt,10/2/12,,N/A - still employed,Active,Janet King,Fully Meets,1881,18,4.83,5,Vendor Referral,Bachelors,University of Masschusetts Lowell,US Citizen,White,No,MA,2451,9/30/75,42,Female,Married
1405067298,Production Manager,Production       ,55,Exempt,1/8/09,,N/A - still employed,Active,Janet King,Fully Meets,3244,18,3.73,4,Billboard,Bachelors,University of Masschusetts Lowell,US Citizen,White,No,MA,1776,3/28/78,39,Female,Married
1307060077,Production Manager,Production       ,54,Exempt,6/2/15,,N/A - still employed,Active,Janet King,Fully Meets,908,18,4.63,3,Employee Referral,Masters,University of Connecticut,US Citizen,White,No,MA,1752,7/11/81,36,Male,Divorced
1000974650,Production Manager,Production       ,53,Exempt,7/20/10,,N/A - still employed,Active,Janet King,Needs Improvement,2686,18,4.13,2,Monster.com,Masters,University of Masschusetts Lowell,US Citizen,White,No,MA,1803,12/17/75,42,Male,Divorced
1303054580,Production Manager,Production       ,50.5,Exempt,9/30/13,,N/A - still employed,Active,Janet King,Fully Meets,311,18,3.39,3,Billboard,No ,No,US Citizen,Asian,No,MA,1901,3/10/70,47,Male,Single
1410071026,Production Manager,Production       ,33.5,Exempt,9/26/11,,N/A - still employed,Active,Janet King,Fully Meets,98,18,1.18,3,Diversity Job Fair,No ,No,US Citizen,White,No,MA,2478,11/14/55,62,Female,Married
1011022883,Production Technician I,Production       ,21,Non Exempt,1/7/08,,N/A - still employed,Active,Elijiah Gray,Fully Meets,3611,19,4.84,5,Billboard,Associates,Masscusetts Bay Community College,US Citizen,White,No,MA,1886,9/27/88,29,Female,Married
1212051409,Production Technician I,Production       ,22,Non Exempt,7/6/09,,N/A - still employed,Active,Brannon Miller,Fully Meets,3065,19,4.46,3,Diversity Job Fair,Associates,Bunker Hill Community College,US Citizen,Two or more races,No,MA,1902,2/11/70,47,Female,Single
1312063507,Production Technician I,Production       ,22,Non Exempt,4/2/12,,N/A - still employed,Active,Kissy Sullivan,90-day meets,170,19,1.98,3,Diversity Job Fair,Associates,Bunker Hill Community College,US Citizen,Asian,Yes,MA,2062,2/21/74,43,Male,Married
1110029777,Production Technician I,Production       ,17,Non Exempt,7/8/13,,N/A - still employed,Active,Webster Butler,Fully Meets,1602,19,1.09,4,MBTA ads,Associates,Middlesex Community College,US Citizen,Asian,No,MA,2452,4/6/79,38,Male,Single
1407069280,Production Technician I,Production       ,24.75,Non Exempt,7/6/16,,N/A - still employed,Active,Brannon Miller,Exceeds,508,19,1.97,4,Employee Referral,Associates,North Shore Community College,US Citizen,White,No,MA,2134,8/26/80,37,Male,Married
1599991009,Production Technician I,Production       ,15,Non Exempt,7/8/13,,N/A - still employed,Active,David Stanley,Fully Meets,1602,19,1.51,5,Employee Referral,Associates,Northern Essex Community College,US Citizen,White,No,MA,2452,9/8/77,40,Male,Single
1001450968,Production Technician I,Production       ,15,Non Exempt,7/11/11,,N/A - still employed,Active,Kissy Sullivan,Needs Improvement,440,19,1.42,3,MBTA ads,Associates,Northern Essex Community College,US Citizen,Black or African American,No,MA,1880,8/12/79,38,Male,Single
1106026579,Production Technician I,Production       ,15,Non Exempt,7/2/12,,N/A - still employed,Active,David Stanley,Fully Meets,1973,19,5,3,MBTA ads,Associates,Capella University,US Citizen,White,No,MA,2169,5/21/79,38,Male,Married
1312063675,Production Technician I,Production       ,24,Non Exempt,8/19/13,,N/A - still employed,Active,Kissy Sullivan,Fully Meets,1560,19,1.71,5,On-campus Recruiting,Associates,North Shore Community College,US Citizen,Asian,No,MA,1864,10/9/74,43,Female,Married
1103024859,Production Technician I,Production       ,14,Non Exempt,2/21/11,,N/A - still employed,Active,Kelley Spirea,Fully Meets,1055,19,5,5,Monster.com,Associates,North Shore Community College,US Citizen,White,No,MA,2176,5/21/83,34,Female,Divorced
1405067064,Production Technician I,Production       ,24,Non Exempt,11/28/11,,N/A - still employed,Active,Michael Albert,Fully Meets,2190,19,4.2,4,Word of Mouth,Associates,North Shore Community College,US Citizen,White,No,MA,2127,3/23/77,40,Female,Married
1105025721,Production Technician I,Production       ,17,Non Exempt,11/7/11,,N/A - still employed,Active,Michael Albert,Exceeds,1635,19,1.65,4,Monster.com,Associates,Regis College,US Citizen,White,No,MA,2445,8/19/59,58,Male,Married
903013071,Production Technician I,Production       ,24,Non Exempt,9/26/11,,N/A - still employed,Active,Amy Dunn,Fully Meets,105,19,3.49,4,Search Engine - Google Bing Yahoo,Associates,North Shore Community College,US Citizen,White,No,MA,2127,10/8/70,47,Female,Married
1304055987,Production Technician I,Production       ,17,Non Exempt,7/9/12,,N/A - still employed,Active,David Stanley,Fully Meets,1966,19,5,5,Newspager/Magazine,Associates,Roxbury Community College,US Citizen,White,No,MA,2048,12/9/86,31,Male,Married
1106026474,Production Technician I,Production       ,20,Non Exempt,7/5/15,,N/A - still employed,Active,Michael Albert,N/A- too early to review,875,19,3.21,3,Newspager/Magazine,Associates,Bunker Hill Community College,US Citizen,White,No,MA,2124,4/6/85,32,Female,Single
1111030129,Production Technician I,Production       ,22,Non Exempt,7/8/13,,N/A - still employed,Active,Webster Butler,Fully Meets,1602,19,3.8,5,Newspager/Magazine,Bachelors,Boston College,US Citizen,White,No,MA,1845,8/24/83,34,Male,Single
1001109612,Production Technician I,Production       ,15,Non Exempt,7/2/12,,N/A - still employed,Active,Elijiah Gray,Fully Meets,1973,19,5,3,Billboard,Bachelors,American Public University,US Citizen,White,No,MA,2110,11/5/78,39,Female,Married
1209049259,Production Technician I,Production       ,17,Non Exempt,1/6/14,,N/A - still employed,Active,Ketsia Liebig,Fully Meets,1420,19,2.55,4,Newspager/Magazine,Bachelors,Capella University,US Citizen,White,No,MA,2189,7/7/86,31,Female,Single
1305057440,Production Technician I,Production       ,18,Non Exempt,7/5/11,,N/A - still employed,Active,Brannon Miller,Fully Meets,514,19,5,3,Search Engine - Google Bing Yahoo,Bachelors,National University,US Citizen,White,No,MA,2451,3/6/88,29,Male,Married
1409070522,Production Technician I,Production       ,20,Non Exempt,7/5/11,,N/A - still employed,Active,Michael Albert,Exceeds,2336,19,2.51,5,MBTA ads,No ,No,US Citizen,White,No,MA,1960,7/10/83,34,Male,Single
1001417624,Production Technician I,Production       ,16,Non Exempt,7/11/11,,N/A - still employed,Active,Webster Butler,N/A- too early to review,57,19,5,4,Word of Mouth,No ,No,US Citizen,White,No,MA,2169,9/8/89,28,Female,Divorced
1304055947,Production Technician I,Production       ,23,Non Exempt,1/9/12,,N/A - still employed,Active,Amy Dunn,Exceptional,2148,19,5,5,MBTA ads,No ,No,US Citizen,White,No,MA,1844,5/22/77,40,Female,Single
1301052124,Production Technician I,Production       ,22,Non Exempt,9/30/13,,N/A - still employed,Active,Ketsia Liebig,N/A- too early to review,1518,19,5,4,Employee Referral,No ,No,US Citizen,White,No,MA,2199,2/18/83,34,Male,widowed
1307060083,Production Technician I,Production       ,17,Non Exempt,1/10/11,,N/A - still employed,Active,David Stanley,N/A- too early to review,2,19,1.79,4,Diversity Job Fair,No ,No,US Citizen,Hispanic,Yes,MA,1902,1/12/74,44,Female,Married
1101023679,Production Technician I,Production       ,16.76,Non Exempt,2/20/12,,N/A - still employed,Active,Kelley Spirea,Fully Meets,2106,19,1.41,4,Social Networks - Facebook Twitter etc,No ,No,US Citizen,Two or more races,No,MA,1810,7/20/83,34,Male,Single
1212051962,Production Technician I,Production       ,18,Non Exempt,9/24/12,,N/A - still employed,Active,Michael Albert,Fully Meets,194,19,5,5,On-line Web application,No ,No,US Citizen,White,No,MA,2747,7/15/77,40,Male,Divorced
1403066194,Production Technician I,Production       ,22,Non Exempt,4/4/11,,N/A - still employed,Active,Elijiah Gray,Fully Meets,2428,19,5,5,Search Engine - Google Bing Yahoo,No ,No,Eligible NonCitizen,White,No,MA,1915,10/27/70,47,Female,Single
1109029366,Production Technician I,Production       ,16,Non Exempt,4/2/12,,N/A - still employed,Active,Amy Dunn,Fully Meets,2064,19,5,3,Word of Mouth,No ,No,US Citizen,White,Yes,MA,2072,12/22/70,47,Male,Single
1412071844,Production Technician I,Production       ,22,Non Exempt,8/19/13,,N/A - still employed,Active,Ketsia Liebig,Fully Meets,1560,19,2.39,3,Billboard,No ,No,US Citizen,Asian,No,MA,2027,12/27/58,59,Female,Divorced
1308060366,Production Technician I,Production       ,16,Non Exempt,7/7/14,,N/A - still employed,Active,Brannon Miller,Exceeds,1238,19,5,3,Professional Society,No ,No,US Citizen,White,No,MA,2031,9/1/89,28,Female,Married
1406068293,Production Technician I,Production       ,20,Non Exempt,4/2/12,,N/A - still employed,Active,David Stanley,Fully Meets,439,19,3.35,4,Search Engine - Google Bing Yahoo,No ,No,US Citizen,White,No,MA,1701,8/24/90,27,Female,Married
1408069635,Production Technician I,Production       ,20,Non Exempt,11/11/13,,N/A - still employed,Active,Kissy Sullivan,Fully Meets,1476,19,2.83,5,Diversity Job Fair,No ,No,US Citizen,Black or African American,No,MA,2043,10/30/69,48,Female,Separated
1311063114,Production Technician I,Production       ,20,Non Exempt,3/31/14,,N/A - still employed,Active,Kelley Spirea,Fully Meets,1336,19,4.43,3,MBTA ads,No ,No,US Citizen,Black or African American,No,MA,1701,2/2/83,34,Male,widowed
1208048062,Production Technician I,Production       ,16,Non Exempt,9/29/14,,N/A - still employed,Active,Michael Albert,Fully Meets,1154,19,5,4,Search Engine - Google Bing Yahoo,No ,No,US Citizen,White,No,MA,2763,1/2/51,67,Female,Single
1305057282,Production Technician I,Production       ,19.5,Non Exempt,5/12/14,,N/A - still employed,Active,Elijiah Gray,Fully Meets,1294,19,2.73,4,Internet Search,No ,No,US Citizen,White,No,MA,2170,2/12/79,38,Female,Single
1101023394,Production Technician I,Production       ,21,Non Exempt,6/27/11,,N/A - still employed,Active,Amy Dunn,90-day meets,1602,19,2,4,Other,No ,No,US Citizen,White,No,MA,1775,8/27/83,34,Female,Single
1012023295,Production Technician I,Production       ,22,Non Exempt,10/3/11,,N/A - still employed,Active,Ketsia Liebig,Fully Meets,2246,19,3.58,5,Pay Per Click - Google,No ,No,Non-Citizen,Black or African American,No,MA,2044,5/31/88,29,Female,Single
1403066069,Production Technician I,Production       ,15.75,Non Exempt,1/5/15,,N/A - still employed,Active,Kelley Spirea,90-day meets,1056,19,4.73,5,Billboard,No ,No,US Citizen,White,Yes,MA,2189,3/31/77,40,Female,Married
1311063172,Production Technician I,Production       ,19.75,Non Exempt,7/6/16,,N/A - still employed,Active,Michael Albert,N/A- too early to review,508,19,4.12,5,Newspager/Magazine,No ,No,US Citizen,White,No,MA,1821,4/10/87,30,Female,Single
1306058816,Production Technician I,Production       ,23.5,Non Exempt,5/16/11,,N/A - still employed,Active,Webster Butler,Fully Meets,1484,19,5,4,Billboard,No ,No,US Citizen,White,No,MA,1810,10/31/77,40,Male,Married
1501072124,Production Technician I,Production       ,20,Non Exempt,7/7/14,,N/A - still employed,Active,Amy Dunn,PIP,1238,19,1.12,2,Professional Society,No ,No,US Citizen,White,No,MA,2061,4/19/67,50,Male,Married
706006285,Production Technician I,Production       ,21,Non Exempt,5/12/14,,N/A - still employed,Active,Ketsia Liebig,Fully Meets,1294,19,1.13,4,Pay Per Click - Google,No ,No,US Citizen,White,No,MA,2180,11/15/82,35,Male,Single
1209048696,Production Technician I,Production       ,22,Non Exempt,1/7/13,,N/A - still employed,Active,Brannon Miller,Needs Improvement,1784,19,3.88,4,Pay Per Click - Google,No ,No,US Citizen,Black or African American,No,MA,2351,12/2/78,39,Female,Married
1202031618,Production Technician I,Production       ,16.75,Non Exempt,4/2/12,,N/A - still employed,Active,David Stanley,Fully Meets,2064,19,2.79,5,Monster.com,No ,No,US Citizen,White,Yes,MA,2125,10/7/86,31,Female,Single
1406067865,Production Technician I,Production       ,17,Non Exempt,4/4/11,,N/A - still employed,Active,Kissy Sullivan,Fully Meets,794,19,5,3,Search Engine - Google Bing Yahoo,No ,No,US Citizen,White,No,MA,2343,9/5/91,26,Female,Married
1007020403,Production Technician I,Production       ,21.25,Non Exempt,11/10/14,,N/A - still employed,Active,Kelley Spirea,Fully Meets,1112,19,1.86,5,MBTA ads,No ,No,US Citizen,White,No,MA,2026,5/31/74,43,Male,Single
1101023612,Production Technician I,Production       ,21,Non Exempt,3/31/14,,N/A - still employed,Active,Kelley Spirea,90-day meets,1336,19,2.05,3,Employee Referral,No ,No,US Citizen,White,No,MA,2045,8/25/78,39,Male,Married
1104025243,Production Technician I,Production       ,17,Non Exempt,4/2/12,,N/A - still employed,Active,Michael Albert,Needs Improvement,908,19,5,4,Word of Mouth,No ,No,US Citizen,White,No,MA,2129,9/2/83,34,Male,Single
1107027392,Production Technician I,Production       ,18,Non Exempt,2/17/14,,N/A - still employed,Active,Elijiah Gray,N/A- too early to review,8,19,1.04,3,Word of Mouth,No ,No,US Citizen,White,No,MA,2458,5/6/89,28,Female,Single
1502072511,Production Technician I,Production       ,20,Non Exempt,11/7/11,,N/A - still employed,Active,Webster Butler,Fully Meets,922,19,3.13,3,Search Engine - Google Bing Yahoo,No ,No,US Citizen,White,No,MA,2176,4/14/55,62,Female,Married
1302053339,Production Technician I,Production       ,18,Non Exempt,5/11/15,,N/A - still employed,Active,Amy Dunn,N/A- too early to review,930,19,1.56,5,Professional Society,No ,No,US Citizen,White,No,MA,2132,10/18/89,28,Male,Married
803009012,Production Technician I,Production       ,23,Non Exempt,2/20/12,,N/A - still employed,Active,Ketsia Liebig,Fully Meets,2106,19,1.85,4,Newspager/Magazine,No ,No,US Citizen,White,No,MA,2176,6/10/86,31,Female,Single
1006020020,Production Technician I,Production       ,24,Non Exempt,1/9/12,,N/A - still employed,Active,Brannon Miller,Fully Meets,2148,19,5,5,Social Networks - Facebook Twitter etc,No ,No,US Citizen,White,No,MA,2155,3/16/81,36,Female,Married
1309061015,Production Technician I,Production       ,19,Non Exempt,3/30/15,,N/A - still employed,Active,David Stanley,N/A- too early to review,972,19,4.5,3,Employee Referral,No ,No,US Citizen,White,Yes,MA,1905,9/15/85,32,Male,Single
1104025414,Production Technician I,Production       ,18,Non Exempt,7/8/13,,N/A - still employed,Active,Kissy Sullivan,Fully Meets,1602,19,2.61,4,Professional Society,No ,No,US Citizen,Asian,No,MA,1550,4/18/80,37,Male,Single
1105026041,Production Technician I,Production       ,24,Non Exempt,5/16/11,,N/A - still employed,Active,Kelley Spirea,Fully Meets,2386,19,1.66,4,MBTA ads,No ,No,US Citizen,White,Yes,MA,2121,12/2/83,34,Female,widowed
1501072192,Production Technician I,Production       ,19,Non Exempt,3/30/15,,N/A - still employed,Active,Michael Albert,N/A- too early to review,972,19,3.73,3,Professional Society,No ,No,US Citizen,White,No,MA,2145,10/1/90,27,Female,Married
1204032927,Production Technician I,Production       ,16,Non Exempt,9/29/14,,N/A - still employed,Active,Amy Dunn,Exceeds,1154,19,3.39,4,Professional Society,No ,No,US Citizen,Two or more races,Yes,MA,2451,5/8/80,37,Female,Single
1408069539,Production Technician I,Production       ,17,Non Exempt,11/11/13,,N/A - still employed,Active,Ketsia Liebig,Fully Meets,1476,19,1.94,5,Glassdoor,No ,No,US Citizen,White,Yes,MA,2451,6/18/92,25,Female,Single
1411071212,Production Technician I,Production       ,16,Non Exempt,7/11/11,,N/A - still employed,Active,Brannon Miller,Exceeds,2330,19,1.83,4,Diversity Job Fair,No ,No,US Citizen,American Indian or Alaska Native,No,MA,2108,9/29/69,48,Male,Divorced
1406068241,Production Technician I,Production       ,21,Non Exempt,5/14/12,,N/A - still employed,Active,Elijiah Gray,Fully Meets,2022,19,1.83,3,Search Engine - Google Bing Yahoo,No ,No,US Citizen,Asian,No,MA,1776,9/2/82,35,Male,Married
1404066622,Production Technician I,Production       ,20,Non Exempt,5/12/14,,N/A - still employed,Active,Amy Dunn,Exceeds,1294,19,4.76,4,Monster.com,No ,No,US Citizen,White,No,MA,1886,5/2/74,43,Female,Married
1002017900,Production Technician I,Production       ,19,Non Exempt,8/13/12,,N/A - still employed,Active,Ketsia Liebig,90-day meets,1931,19,4.17,4,Social Networks - Facebook Twitter etc,No ,No,US Citizen,White,No,MA,2149,1/4/84,34,Male,Single
1408069882,Production Technician I,Production       ,16,Non Exempt,8/19/13,,N/A - still employed,Active,Brannon Miller,Fully Meets,1560,19,3.99,3,Professional Society,No ,No,US Citizen,White,No,MA,1775,1/28/91,27,Female,Single
1201031438,Production Technician I,Production       ,20,Non Exempt,11/5/12,,N/A - still employed,Active,David Stanley,Fully Meets,1847,19,2.32,3,Newspager/Magazine,No ,No,US Citizen,White,No,MA,2081,9/11/72,45,Female,Separated
1503072857,Production Technician I,Production       ,21,Non Exempt,9/30/13,,N/A - still employed,Active,Kissy Sullivan,Fully Meets,1518,19,2.05,5,Employee Referral,No ,No,US Citizen,White,No,MA,1778,3/22/66,51,Female,Divorced
1412071713,Production Technician I,Production       ,19,Non Exempt,1/6/14,,N/A - still employed,Active,Kelley Spirea,Fully Meets,1420,19,5,5,On-campus Recruiting,No ,No,US Citizen,White,No,MA,2109,4/13/64,53,Female,Separated
1301052462,Production Technician I,Production       ,19,Non Exempt,9/30/13,,N/A - still employed,Active,Michael Albert,Fully Meets,1518,19,3.07,4,Billboard,No ,No,US Citizen,White,No,MA,1887,1/19/76,42,Male,Single
1304055683,Production Technician I,Production       ,14,Non Exempt,2/17/14,,N/A - still employed,Active,Ketsia Liebig,Fully Meets,1378,19,2.79,3,On-campus Recruiting,No ,No,US Citizen,White,No,MA,1721,11/10/77,40,Male,Single
1311062610,Production Technician I,Production       ,21,Non Exempt,1/10/11,,N/A - still employed,Active,Brannon Miller,Fully Meets,2512,19,3.38,3,Pay Per Click - Google,No ,No,US Citizen,Asian,No,MA,1801,2/2/80,37,Male,Married
1101023353,Production Technician I,Production       ,20,Non Exempt,2/16/15,,N/A - still employed,Active,Elijiah Gray,90-day meets,1014,19,5,3,Website Banner Ads,No ,No,US Citizen,White,No,MA,2122,10/22/75,42,Female,Married
1308060754,Production Technician I,Production       ,23,Non Exempt,11/11/13,,N/A - still employed,Active,Brannon Miller,Fully Meets,1476,19,1.04,3,On-campus Recruiting,No ,No,US Citizen,White,No,MA,2451,11/7/74,43,Female,Married
1401064327,Production Technician I,Production       ,20,Non Exempt,5/31/11,,N/A - still employed,Active,David Stanley,90-day meets,2371,19,5,4,Other,No ,No,US Citizen,White,No,MA,2330,11/22/77,40,Female,Married
909015167,Production Technician I,Production       ,24,Non Exempt,1/7/13,,N/A - still employed,Active,Kissy Sullivan,Fully Meets,1784,19,3.93,3,Monster.com,No ,No,US Citizen,White,No,MA,2184,1/7/87,31,Female,Married
1109029256,Production Technician I,Production       ,20,Non Exempt,3/30/15,,N/A - still employed,Active,Michael Albert,N/A- too early to review,972,19,5,4,Monster.com,No ,No,US Citizen,White,No,MA,2346,9/22/76,41,Female,Single
1102024121,Production Technician I,Production       ,15,Non Exempt,4/1/13,,N/A - still employed,Active,Elijiah Gray,Fully Meets,1700,19,1.76,4,MBTA ads,No ,No,US Citizen,White,No,MA,2453,7/7/84,33,Female,Divorced
1302053044,Production Technician I,Production       ,21,Non Exempt,5/12/14,,N/A - still employed,Active,Ketsia Liebig,Fully Meets,1294,19,5,5,On-campus Recruiting,No ,No,US Citizen,White,No,MA,2136,4/8/77,40,Male,Married
1403066020,Production Technician I,Production       ,15,Non Exempt,4/1/13,,N/A - still employed,Active,Brannon Miller,Exceeds,1700,19,1.12,3,Diversity Job Fair,No ,No,US Citizen,Asian,No,MA,1810,6/3/67,50,Female,Separated
1203032357,Production Technician I,Production       ,19,Non Exempt,7/8/13,,N/A - still employed,Active,David Stanley,Fully Meets,1602,19,2.79,5,Vendor Referral,No ,No,US Citizen,White,No,MA,2132,7/7/84,33,Female,Single
1404066949,Production Technician I,Production       ,16,Non Exempt,9/30/13,,N/A - still employed,Active,Kelley Spirea,Exceeds,1518,19,2.86,3,On-campus Recruiting,No ,No,US Citizen,White,No,MA,2478,12/11/76,41,Male,Married
1103024335,Production Technician I,Production       ,22,Non Exempt,2/17/14,,N/A - still employed,Active,Michael Albert,Needs Improvement,1378,19,4.25,3,MBTA ads,No ,No,US Citizen,White,No,MA,1760,11/24/79,38,Male,Single
1307059944,Production Technician I,Production       ,17,Non Exempt,4/26/10,,N/A - still employed,Active,Ketsia Liebig,Fully Meets,2771,19,2.72,3,Search Engine - Google Bing Yahoo,No ,No,US Citizen,White,No,MA,1749,9/23/73,44,Female,Married
1001735072,Production Technician I,Production       ,17,Non Exempt,11/5/07,,N/A - still employed,Active,David Stanley,Fully Meets,3674,19,3.66,3,Search Engine - Google Bing Yahoo,No ,No,US Citizen,White,No,MA,2451,11/23/81,36,Male,Single
1401064562,Production Technician I,Production       ,16,Non Exempt,1/6/14,,N/A - still employed,Active,Kelley Spirea,Fully Meets,1420,19,2.45,3,Employee Referral,No ,No,US Citizen,White,No,MA,2109,6/19/61,56,Male,Single
1405067642,Production Technician I,Production       ,22,Non Exempt,11/28/11,,N/A - still employed,Active,Webster Butler,Exceeds,2190,19,4.36,5,Search Engine - Google Bing Yahoo,No ,No,US Citizen,Asian,No,MA,2171,1/12/73,45,Female,Married
1011022887,Production Technician I,Production       ,17,Non Exempt,7/8/13,,N/A - still employed,Active,Brannon Miller,Exceptional,1602,19,3.02,5,Employee Referral,No ,No,US Citizen,White,No,MA,1730,1/28/85,33,Male,widowed
710007555,Production Technician I,Production       ,17,Non Exempt,1/6/14,,N/A - still employed,Active,David Stanley,Fully Meets,1420,19,5,4,Website Banner Ads,No ,No,US Citizen,White,No,MA,1886,12/5/74,43,Female,Separated
1410070998,Production Technician I,Production       ,20,Non Exempt,7/4/16,,N/A - still employed,Active,Kelley Spirea,N/A- too early to review,510,19,1.12,4,Diversity Job Fair,No ,No,US Citizen,White,No,MA,1801,6/6/68,49,Female,Single
1302053362,Production Technician I,Production       ,21,Non Exempt,9/29/14,,N/A - still employed,Active,Elijiah Gray,Fully Meets,1154,19,3.51,3,On-campus Recruiting,No ,No,US Citizen,White,No,MA,2154,7/10/88,29,Female,Married
807010161,Production Technician I,Production       ,15.2,Non Exempt,9/30/13,,N/A - still employed,Active,Webster Butler,Fully Meets,1518,19,5,5,Search Engine - Google Bing Yahoo,No ,No,US Citizen,Asian,No,MA,2191,3/10/75,42,Female,Single
1205033102,Production Technician I,Production       ,15,Non Exempt,8/19/13,,N/A - still employed,Active,Amy Dunn,Fully Meets,1560,19,4.81,4,Newspager/Magazine,No ,No,US Citizen,White,No,MA,2149,8/24/85,32,Female,Married
1501071909,Production Technician I,Production       ,24.5,Non Exempt,11/11/13,,N/A - still employed,Active,Ketsia Liebig,Fully Meets,1476,19,3.73,3,Employee Referral,No ,No,US Citizen,White,No,MA,2130,2/2/65,53,Female,Single
1410071137,Production Technician I,Production       ,16,Non Exempt,2/20/12,,N/A - still employed,Active,Brannon Miller,PIP,2106,19,4.11,2,Billboard,No ,No,US Citizen,White,No,MA,2093,7/20/68,49,Female,Married
1111030244,Production Technician I,Production       ,14,Non Exempt,1/10/11,,N/A - still employed,Active,Kissy Sullivan,Fully Meets,2512,19,1.05,4,Word of Mouth,No ,No,US Citizen,Two or more races,No,MA,2050,8/25/82,35,Female,Divorced
1106026896,Production Technician I,Production       ,22,Non Exempt,2/17/14,,N/A - still employed,Active,Kelley Spirea,Fully Meets,1378,19,1.39,3,On-campus Recruiting,No ,No,US Citizen,Asian,No,MA,2301,3/14/85,32,Male,Married
1201031310,Production Technician I,Production       ,19,Non Exempt,1/5/15,,N/A - still employed,Active,Michael Albert,90-day meets,1056,19,4.36,5,Word of Mouth,No ,No,US Citizen,White,Yes,MA,2747,10/7/82,35,Male,Married
1407069061,Production Technician I,Production       ,14,Non Exempt,5/14/12,,N/A - still employed,Active,Elijiah Gray,Fully Meets,2022,19,2.77,5,Glassdoor,No ,No,Eligible NonCitizen,Asian,No,MA,2718,8/15/68,49,Female,Single
1409070255,Production Technician I,Production       ,24,Non Exempt,2/18/13,,N/A - still employed,Active,Brannon Miller,Fully Meets,1742,19,4.21,5,Billboard,No ,No,US Citizen,White,No,MA,2093,6/5/67,50,Female,Divorced
1012023152,Production Technician I,Production       ,22,Non Exempt,2/17/14,,N/A - still employed,Active,David Stanley,N/A- too early to review,1378,19,2.44,5,Professional Society,No ,No,US Citizen,White,No,MA,2021,5/16/83,34,Female,Single
1211051232,Production Technician I,Production       ,15,Non Exempt,9/29/14,,N/A - still employed,Active,David Stanley,Fully Meets,1154,19,1.24,5,On-campus Recruiting,No ,No,US Citizen,Asian,No,MA,1730,8/17/78,39,Female,widowed
1404066711,Production Technician II,Production       ,27,Non Exempt,11/7/11,,N/A - still employed,Active,David Stanley,Fully Meets,2211,20,2.67,3,Professional Society,Associates,Cuyahoga Community College,US Citizen,White,No,MA,1450,8/17/92,25,Male,Married
1205033180,Production Technician II,Production       ,22,Non Exempt,9/29/14,,N/A - still employed,Active,David Stanley,Fully Meets,1154,20,3.4,4,Newspager/Magazine,Associates,Roxbury Community College,US Citizen,White,No,MA,2302,4/20/85,32,Female,Single
1005019209,Production Technician II,Production       ,29,Non Exempt,7/5/11,,N/A - still employed,Active,Kissy Sullivan,90-day meets,447,20,3.02,3,Newspager/Magazine,No ,No,US Citizen,White,No,MA,1810,9/19/88,29,Female,Married
1303054329,Production Technician II,Production       ,27,Non Exempt,7/21/16,,N/A - still employed,Active,Kelley Spirea,Exceeds,493,20,2.7,3,Employee Referral,No ,No,US Citizen,White,No,MA,2145,4/17/66,51,Female,Married
1403066125,Production Technician II,Production       ,27,Non Exempt,4/4/11,,N/A - still employed,Active,Michael Albert,Needs Improvement,2428,20,1.16,3,Monster.com,No ,No,US Citizen,White,No,MA,2171,9/21/90,27,Female,Single
1101023457,Production Technician II,Production       ,22,Non Exempt,9/29/14,,N/A - still employed,Active,Webster Butler,Fully Meets,1154,20,3.19,3,Word of Mouth,No ,No,US Citizen,White,No,MA,1013,7/28/83,34,Male,Single
1011022820,Production Technician II,Production       ,25,Non Exempt,3/5/12,,N/A - still employed,Active,Amy Dunn,Fully Meets,2092,20,4.51,4,Employee Referral,No ,No,US Citizen,Black or African American,No,MA,2148,3/2/80,37,Female,Single
1301052449,Production Technician II,Production       ,26,Non Exempt,4/4/11,,N/A - still employed,Active,Ketsia Liebig,Fully Meets,2428,20,3.25,5,Careerbuilder,No ,No,US Citizen,White,No,MA,1890,8/19/77,40,Male,Married
1201031274,Production Technician II,Production       ,25,Non Exempt,11/7/11,,N/A - still employed,Active,Kissy Sullivan,90-day meets,2211,20,3.96,4,Newspager/Magazine,No ,No,Eligible NonCitizen,Two or more races,No,MA,2458,9/14/79,38,Male,Single
1105025661,Production Technician II,Production       ,24,Non Exempt,7/7/14,,N/A - still employed,Active,Michael Albert,PIP,1238,20,4.59,1,Pay Per Click - Google,No ,No,US Citizen,White,No,MA,2133,8/25/89,28,Female,Separated
1108028428,Production Technician II,Production       ,27,Non Exempt,7/7/14,,N/A - still employed,Active,Elijiah Gray,Fully Meets,1238,20,1.49,5,Professional Society,No ,No,US Citizen,Black or African American,No,MA,1824,9/22/78,39,Female,Married
1402065085,Production Technician II,Production       ,24,Non Exempt,2/17/14,,N/A - still employed,Active,Webster Butler,Fully Meets,1378,20,4,4,Newspager/Magazine,No ,No,US Citizen,Black or African American,No,MA,2324,9/27/87,30,Female,Single
1109029103,Production Technician II,Production       ,29,Non Exempt,5/16/11,,N/A - still employed,Active,Amy Dunn,Fully Meets,770,20,4.76,5,Social Networks - Facebook Twitter etc,No ,No,US Citizen,White,Yes,MA,2143,10/1/81,36,Male,Single
1411071324,Production Technician II,Production       ,29,Non Exempt,4/26/10,,N/A - still employed,Active,Brannon Miller,PIP,399,20,4.35,3,Diversity Job Fair,No ,No,US Citizen,Black or African American,No,MA,2128,10/12/64,53,Male,Married
1001549006,Production Technician II,Production       ,24.25,Non Exempt,5/12/14,,N/A - still employed,Active,David Stanley,Fully Meets,1294,20,2.04,3,Professional Society,No ,No,US Citizen,White,No,MA,1886,5/25/86,31,Female,Married
1108028351,Production Technician II,Production       ,27,Non Exempt,9/30/13,,N/A - still employed,Active,Kissy Sullivan,Fully Meets,1518,20,2.57,5,Word of Mouth,No ,No,US Citizen,American Indian or Alaska Native,No,MA,1824,12/8/83,34,Female,Separated
1307059937,Production Technician II,Production       ,24,Non Exempt,11/11/13,,N/A - still employed,Active,Kelley Spirea,Fully Meets,1476,20,5,3,Newspager/Magazine,No ,No,US Citizen,White,Yes,MA,2155,8/10/88,29,Male,Single
1207046956,Production Technician II,Production       ,28,Non Exempt,8/15/11,,N/A - still employed,Active,Michael Albert,Fully Meets,236,20,3.03,5,Glassdoor,No ,No,Non-Citizen,White,No,MA,2445,2/16/84,33,Female,Married
1106026433,Production Technician II,Production       ,25,Non Exempt,6/6/16,,N/A - still employed,Active,Elijiah Gray,N/A- too early to review,538,20,2.92,5,Vendor Referral,No ,No,US Citizen,White,No,MA,2021,3/11/84,33,Female,Single
1103024924,Production Technician II,Production       ,28,Non Exempt,6/5/15,,N/A - still employed,Active,Webster Butler,N/A- too early to review,905,20,2.63,3,Other,No ,No,US Citizen,White,No,MA,2351,5/7/92,25,Female,Separated
1306058509,Production Technician II,Production       ,23,Non Exempt,2/21/11,,N/A - still employed,Active,Amy Dunn,Fully Meets,770,20,3.72,3,Search Engine - Google Bing Yahoo,No ,No,US Citizen,White,No,MA,1742,9/22/76,41,Female,Divorced
1008020942,Production Technician II,Production       ,22.5,Non Exempt,7/5/11,,N/A - still employed,Active,Ketsia Liebig,Exceeds,2336,20,4.6,4,MBTA ads,No ,No,US Citizen,American Indian or Alaska Native,No,MA,1821,11/6/86,31,Female,Divorced
1306057810,Production Technician II,Production       ,25,Non Exempt,7/7/14,,N/A - still employed,Active,Brannon Miller,Exceptional,1238,20,1.51,3,Professional Society,No ,No,US Citizen,White,No,MA,2128,9/8/69,48,Female,Single
1405067565,Production Technician II,Production       ,22,Non Exempt,7/8/13,,N/A - still employed,Active,Kelley Spirea,Fully Meets,1602,20,4,3,Information Session,No ,No,US Citizen,White,No,MA,1770,3/19/79,38,Male,Married
1305056276,Production Technician II,Production       ,24,Non Exempt,7/8/13,,N/A - still employed,Active,Michael Albert,N/A- too early to review,69,20,4.65,4,On-campus Recruiting,No ,No,US Citizen,White,No,MA,2122,12/26/76,41,Female,widowed
1001504432,Production Technician II,Production       ,26.1,Non Exempt,8/19/13,,N/A - still employed,Active,Elijiah Gray,Exceeds,1560,20,1.64,4,Glassdoor,No ,No,US Citizen,Black or African American,No,MA,2324,3/28/82,35,Female,Single
1110029623,Production Technician II,Production       ,23,Non Exempt,5/11/16,,N/A - still employed,Active,Webster Butler,N/A- too early to review,564,20,5,3,Vendor Referral,No ,No,US Citizen,White,No,MA,2324,8/25/76,41,Female,Married
1406067957,Production Technician II,Production       ,26,Non Exempt,3/30/15,,N/A - still employed,Active,Ketsia Liebig,N/A- too early to review,972,20,5,5,Newspager/Magazine,No ,No,US Citizen,White,No,MA,2149,5/21/87,30,Female,Single
1205033439,Production Technician II,Production       ,25,Non Exempt,8/15/11,,N/A - still employed,Active,Brannon Miller,PIP,1116,20,5,2,MBTA ads,No ,No,US Citizen,White,No,MA,2472,6/29/85,32,Male,Single
1001103149,Production Technician II,Production       ,25,Non Exempt,5/13/13,,N/A - still employed,Active,Kissy Sullivan,Exceptional,1658,20,2.55,3,Billboard,No ,No,US Citizen,Black or African American,No,MA,2126,4/24/70,47,Female,Single
1408069503,Production Technician II,Production       ,26,Non Exempt,1/9/12,,N/A - still employed,Active,Kelley Spirea,Fully Meets,2148,20,2.5,4,Diversity Job Fair,No ,No,US Citizen,Hispanic,No,MA,2127,12/3/76,41,Male,Single
1301052436,Production Technician II,Production       ,29,Non Exempt,5/13/13,,N/A - still employed,Active,Michael Albert,Fully Meets,1658,20,4.29,5,On-campus Recruiting,No ,No,US Citizen,Black or African American,No,MA,1460,12/1/74,43,Male,Separated
1104025435,Production Technician II,Production       ,26.39,Non Exempt,11/10/14,,N/A - still employed,Active,Elijiah Gray,Fully Meets,1112,20,4.53,5,Glassdoor,No ,No,US Citizen,White,No,MA,1040,11/23/85,32,Female,Single
1001856521,Production Technician II,Production       ,25,Non Exempt,5/14/12,,N/A - still employed,Active,Webster Butler,90-day meets,462,20,5,3,Newspager/Magazine,No ,No,US Citizen,Asian,No,MA,2492,2/11/52,65,Female,Married
1103024843,Production Technician II,Production       ,26,Non Exempt,4/2/12,,N/A - still employed,Active,Brannon Miller,Fully Meets,2064,20,2.61,3,MBTA ads,No ,No,Eligible NonCitizen,Asian,No,MA,2050,3/10/79,38,Female,Married
1106026462,Production Technician II,Production       ,29,Non Exempt,8/30/10,,N/A - still employed,Active,Kelley Spirea,Fully Meets,2645,20,2.08,3,Monster.com,No ,No,US Citizen,White,No,MA,2062,4/26/86,31,Male,Married
1001970770,Production Technician II,Production       ,22,Non Exempt,9/29/14,,N/A - still employed,Active,Elijiah Gray,Exceeds,1154,20,2.41,3,Pay Per Click - Google,No ,No,US Citizen,White,No,MA,2045,10/30/63,54,Male,Single
1406068345,Production Technician II,Production       ,28.75,Non Exempt,5/16/11,,N/A - still employed,Active,Elijiah Gray,Fully Meets,419,20,3.93,3,Search Engine - Google Bing Yahoo,No ,No,US Citizen,White,No,MA,2129,5/24/53,64,Female,Married
1011022818,Production Technician II,Production       ,22,Non Exempt,8/18/14,,N/A - still employed,Active,Ketsia Liebig,Fully Meets,1196,20,3.11,5,Employee Referral,No ,No,US Citizen,Black or African American,No,MA,2459,2/10/76,41,Male,Single
1405067188,Production Technician II,Production       ,29,Non Exempt,1/7/13,,N/A - still employed,Active,Brannon Miller,Exceeds,1140,20,1.67,3,Professional Society,No ,No,US Citizen,White,No,MA,2045,11/7/58,59,Male,Single
1012023010,Production Technician II,Production       ,24.25,Non Exempt,7/7/14,,N/A - still employed,Active,Kissy Sullivan,Fully Meets,1238,20,4.07,4,Vendor Referral,No ,No,US Citizen,White,No,MA,1810,5/11/85,32,Male,Single
1402065303,Sales Manager,Sales,54,Exempt,5/5/14,,N/A - still employed,Active,Debra Houlihan,Fully Meets,1301,21,4.62,4,Pay Per Click - Google,Bachelors,Cornell University,US Citizen,White,No,VT,5473,4/19/90,27,Female,Single
1499902910,Sales Manager,Sales,56,Exempt,5/18/14,,N/A - still employed,Active,Debra Houlihan,Needs Improvement,1288,21,1.62,4,Diversity Job Fair,No ,No,US Citizen,White,no,MA,1886,8/16/84,33,Male,Divorced
1102024115,Shared Services Manager,Admin Offices,55,Exempt,1/5/16,,N/A - still employed,Active,Janet King,Fully Meets,691,23,1.95,4,Monster.com,Associates,Masscusetts Bay Community College,US Citizen,White,No,MA,1460,6/10/84,33,Male,Married
1107027358,Software Engineer,Software Engineering,47.6,Exempt,11/10/14,,N/A - still employed,Active,Alex Sweetwater,Fully Meets,1112,24,3.04,3,Vendor Referral,No ,No,US Citizen,White,No,MA,2110,5/24/79,38,Female,Single
1101023577,Software Engineer,Software Engineering,56,Exempt,11/11/13,,N/A - still employed,Active,Alex Sweetwater,90-day meets,1476,24,4.96,4,Pay Per Click - Google,No ,No,US Citizen,White,No,MA,2132,4/5/87,30,Female,Single
1203032498,Software Engineer,Software Engineering,57.12,Exempt,1/9/12,,N/A - still employed,Active,Alex Sweetwater,90-day meets,2148,24,3.79,5,Monster.com,No ,No,US Citizen,White,No,MA,2176,7/5/79,38,Female,Single
1303054625,Software Engineer,Software Engineering,55.51,Exempt,11/11/13,,N/A - still employed,Active,Alex Sweetwater,Fully Meets,1476,24,1.53,5,Search Engine - Google Bing Yahoo,No ,No,US Citizen,Asian,No,MA,2135,11/7/87,30,Female,Separated
1112030979,Software Engineer,Software Engineering,52.25,Exempt,11/7/11,,N/A - still employed,Active,Alex Sweetwater,Exceeds,1400,24,1.1,5,Diversity Job Fair,No ,No,US Citizen,Asian,No,MA,1844,2/20/79,38,Male,Single
1012023185,Software Engineer,Software Engineering,49.25,Exempt,11/5/12,,N/A - still employed,Active,Alex Sweetwater,Fully Meets,1847,24,1.74,3,Pay Per Click - Google,No ,No,US Citizen,White,No,MA,2132,7/24/86,31,Female,Married
1201031324,Software Engineer,Software Engineering,48,Exempt,7/7/14,,N/A - still employed,Active,Alex Sweetwater,Exceptional,1238,24,2.61,5,MBTA ads,No ,No,US Citizen,White,No,MA,2140,5/6/83,34,Male,Single
1102024057,Software Engineer,Software Engineering,45.42,Exempt,2/18/13,,N/A - still employed,Active,Alex Sweetwater,Fully Meets,421,24,1.11,3,Diversity Job Fair,No ,No,Non-Citizen,White,No,MA,2451,6/14/83,34,Male,Single
1001644719,Software Engineering Manager,Software Engineering     ,27,Exempt,8/15/11,,N/A - still employed,Active,Jennifer Zamora,Fully Meets,2295,25,3.84,3,Search Engine - Google Bing Yahoo,No ,No,US Citizen,White,No,MA,2184,11/22/66,51,Male,Single
1307060188,Sr. Accountant,Admin Offices,34.95,Exempt,2/16/15,,N/A - still employed,Active,Brandon R. LeBlanc,90-day meets,1014,26,5,4,Diversity Job Fair,Masters,University of Connecticut,US Citizen,Asian,No,MA,2468,4/4/87,30,Female,Married
1201031308,Sr. Accountant,Admin Offices,34.95,Exempt,1/5/09,,N/A - still employed,Active,Board of Directors,Fully Meets,3247,26,5,3,Other,Masters,Massachusetts Institute of Technology,US Citizen,White,no,MA,2050,4/16/79,38,Female,Married
1010022337,Sr. DBA,IT/IS,61.3,Exempt,6/30/16,,N/A - still employed,Active,Simon Roup,N/A- too early to review,514,27,5,5,Vendor Referral,Bachelors,Boston College,US Citizen,White,No,MA,1886,6/6/86,31,Female,Single
1308060959,Sr. Network Engineer,IT/IS,53,Exempt,11/10/14,,N/A - still employed,Active,Peter Monroe,90-day meets,1112,28,5,3,Employee Referral,Associates,Lakeland Community College,US Citizen,White,No,CT,6278,9/9/65,52,Male,Single
1411071312,Sr. Network Engineer,IT/IS,54.1,Exempt,11/10/14,,N/A - still employed,Active,Peter Monroe,Fully Meets,1112,28,1.55,5,Vendor Referral,Bachelors,Pennsylvania State University,US Citizen,White,No,CT,6033,1/18/52,66,Female,Married
1108028108,Sr. Network Engineer,IT/IS,56.2,Exempt,11/10/14,,N/A - still employed,Active,Peter Monroe,Fully Meets,1112,28,4.46,5,Employee Referral,Bachelors,Boston College,US Citizen,White,No,MA,2169,4/23/86,31,Male,Married
904013591,Sr. Network Engineer,IT/IS,53.8,Exempt,6/30/16,,N/A - still employed,Active,Peter Monroe,N/A- too early to review,514,28,3.27,4,On-campus Recruiting,Bachelors,University of Massachusetts Boston,US Citizen,Asian,No,MA,1545,2/9/83,34,Male,Married
1301052347,Sr. Network Engineer,IT/IS,55.2,Exempt,3/30/15,,N/A - still employed,Active,Peter Monroe,N/A- too early to review,972,28,1.06,4,Employee Referral,Bachelors,New York University,US Citizen,Asian,No,MA,2453,5/2/78,39,Female,widowed
1302053046,Area Sales Manager,Sales,55,Exempt,7/7/14,9/5/15,attendance,Terminated for Cause,John Smith,Fully Meets,425,3,3.97,4,Monster.com,Associates,Stark County Community College,US Citizen,White,No,OH,43050,7/10/71,46,Female,widowed
1001167253,Area Sales Manager,Sales,55,Exempt,3/7/11,10/31/14,relocation out of area,Terminated for Cause,John Smith,Fully Meets,1334,3,4.5,5,Newspager/Magazine,Associates,Tennessee State University,US Citizen,White,No,TN,37129,2/9/69,48,Male,Single
1107027575,Production Technician I,Production       ,15,Non Exempt,2/21/11,8/4/11,attendance,Terminated for Cause,Kelley Spirea,90-day meets,164,19,5,4,Social Networks - Facebook Twitter etc,No ,No,US Citizen,White,No,MA,2050,10/18/81,36,Male,Single
1206044851,Production Technician I,Production       ,18.5,Non Exempt,3/31/14,5/1/16,performance,Terminated for Cause,Kissy Sullivan,PIP,762,19,3.09,2,Professional Society,No ,No,US Citizen,Two or more races,No,MA,2152,9/30/80,37,Female,widowed
1403065625,Production Technician I,Production       ,16,Non Exempt,1/10/11,5/17/16,attendance,Terminated for Cause,Ketsia Liebig,Needs Improvement,1954,19,3.6,3,Glassdoor,No ,No,US Citizen,White,No,MA,1460,1/7/85,33,Female,Married
1011022814,Production Technician I,Production       ,21,Non Exempt,9/26/11,2/8/16,gross misconduct,Terminated for Cause,Kelley Spirea,Exceeds,1596,19,2.79,5,Social Networks - Facebook Twitter etc,No ,No,US Citizen,White,No,MA,2747,6/3/86,31,Female,Married
1401064670,Software Engineer,Software Engineering,48.5,Exempt,5/2/11,6/5/13,attendance,Terminated for Cause,Alex Sweetwater,Needs Improvement,765,24,2.55,5,Billboard,No ,No,US Citizen,White,No,MA,1749,5/15/87,30,Female,Married
1412071562,Sr. DBA,IT/IS,58.2,Exempt,2/17/14,2/19/16,hours,Terminated for Cause,Simon Roup,Fully Meets,732,30,2.94,5,Vendor Referral,Bachelors,University of Maryland,US Citizen,Black or African American,No,CT,6033,7/30/64,53,Male,Single
1504073368,Area Sales Manager,Sales,55,Exempt,8/15/11,8/2/14,Another position,Voluntarily Terminated,John Smith,Fully Meets,1083,3,3.14,5,Social Networks - Facebook Twitter etc,Bachelors,Richmond University,Eligible NonCitizen,White,No,VA,21851,6/1/64,53,Female,Married
1102023965,Database Administrator,IT/IS,41,Exempt,12/1/14,5/1/16,performance,Voluntarily Terminated,Simon Roup,Fully Meets,517,9,1.62,4,Employee Referral,Bachelors,University of Masschusetts Lowell,US Citizen,White,No,MA,2747,9/5/84,33,Male,Married
1111030148,Database Administrator,IT/IS,45,Exempt,1/5/15,10/31/15,hours,Voluntarily Terminated,Simon Roup,90-day meets,299,9,2.19,3,Vendor Referral,Bachelors,University of Nebraska,US Citizen,White,No,MA,2452,12/17/87,30,Male,Divorced
1001175250,IT Manager - DB,IT/IS,21,Exempt,1/9/12,11/4/15,hours,Voluntarily Terminated,Jennifer Zamora,Fully Meets,1395,13,2.51,4,Diversity Job Fair,Bachelors,Boston College,US Citizen,Two or more races,No,MA,1915,1/4/64,54,Male,Divorced
1104025466,Network Engineer,IT/IS,28,Exempt,1/5/15,5/12/15,medical issues,Voluntarily Terminated,Peter Monroe,Fully Meets,127,15,5,3,Monster.com,Bachelors,Massachusetts Institute of Technology,US Citizen,White,No,MA,1420,5/5/88,29,Male,Married
1308060622,Production Technician I,Production       ,22,Non Exempt,11/7/11,11/15/11,hours,Voluntarily Terminated,Elijiah Gray,N/A- too early to review,8,19,4.24,4,Diversity Job Fair,No ,No,US Citizen,White,No,MA,2330,5/15/70,47,Female,Divorced
1008020960,Production Technician I,Production       ,15,Non Exempt,4/2/12,6/25/15,military,Voluntarily Terminated,Webster Butler,Needs Improvement,1179,19,3.97,4,Diversity Job Fair,No ,No,US Citizen,White,No,MA,2062,8/9/74,43,Male,Married
1110029602,Production Technician I,Production       ,19.75,Non Exempt,1/9/12,12/15/15,retiring,Voluntarily Terminated,Webster Butler,Fully Meets,1436,19,4.64,4,Monster.com,No ,No,US Citizen,White,No,MA,2324,8/18/52,65,Female,Single
1107027450,Production Technician I,Production       ,21,Non Exempt,1/10/11,4/1/16,unhappy,Voluntarily Terminated,Elijiah Gray,90-day meets,1908,19,4,4,Monster.com,No ,No,US Citizen,White,No,MA,2446,4/17/86,31,Female,Married
710007401,Production Technician I,Production       ,22,Non Exempt,9/26/11,6/4/15,more money,Voluntarily Terminated,Webster Butler,90-day meets,1347,19,3.6,5,Search Engine - Google Bing Yahoo,No ,No,US Citizen,White,No,MA,2170,12/8/73,44,Female,Married
1408069409,Production Technician I,Production       ,19,Non Exempt,9/26/11,8/19/13,return to school,Voluntarily Terminated,Kissy Sullivan,Fully Meets,693,19,4.88,3,Monster.com,No ,No,US Citizen,Asian,No,MA,1810,1/17/79,39,Female,Single
1206042315,Production Technician I,Production       ,15.25,Non Exempt,7/5/11,9/26/11,unhappy,Voluntarily Terminated,Michael Albert,N/A- too early to review,83,19,3.18,4,Internet Search,No ,No,US Citizen,White,No,MA,1886,3/26/81,36,Female,Married
1001138521,Production Technician I,Production       ,19,Non Exempt,11/7/11,11/14/15,Another position,Voluntarily Terminated,Webster Butler,Exceeds,1468,19,5,4,Diversity Job Fair,No ,No,US Citizen,Two or more races,Yes,MA,1844,2/14/73,44,Female,Single
1201031032,Production Technician I,Production       ,15,Non Exempt,9/24/12,9/26/12,hours,Voluntarily Terminated,Amy Dunn,N/A- too early to review,2,19,3.08,4,Pay Per Click,No ,No,US Citizen,White,No,MA,1938,11/9/72,45,Male,widowed
1409070245,Production Technician I,Production       ,14,Non Exempt,4/2/12,11/11/15,Another position,Voluntarily Terminated,Kelley Spirea,Fully Meets,1318,19,4.18,4,Diversity Job Fair,No ,No,US Citizen,White,No,MA,1760,5/30/68,49,Female,Single
1204033041,Production Technician I,Production       ,18,Non Exempt,9/26/11,4/4/14,return to school,Voluntarily Terminated,Webster Butler,Fully Meets,921,19,2.61,3,Diversity Job Fair,No ,No,US Citizen,White,No,MA,2110,5/2/89,28,Male,Single
1204033041,Production Technician I,Production       ,18,Non Exempt,9/26/11,4/4/14,return to school,Voluntarily Terminated,Webster Butler,Fully Meets,1150,19,2.61,3,Diversity Job Fair,No ,No,US Citizen,White,No,MA,2110,5/2/89,28,Male,Single
1204033041,Production Technician I,Production       ,22,Non Exempt,4/1/13,5/25/16,more money,Voluntarily Terminated,Amy Dunn,Fully Meets,921,19,2.61,3,Employee Referral,No ,No,US Citizen,White,No,MA,2421,3/28/83,34,Male,Married
1204033041,Production Technician I,Production       ,22,Non Exempt,4/1/13,5/25/16,more money,Voluntarily Terminated,Amy Dunn,Fully Meets,1150,19,2.61,3,Employee Referral,No ,No,US Citizen,White,No,MA,2421,3/28/83,34,Male,Married
1109029531,Production Technician I,Production       ,18,Non Exempt,2/7/11,1/12/14,Another position,Voluntarily Terminated,Elijiah Gray,Fully Meets,1070,19,3.89,4,Social Networks - Facebook Twitter etc,No ,No,US Citizen,White,No,MA,2351,5/1/79,38,Female,Married
1307060058,Production Technician I,Production       ,24,Non Exempt,1/10/11,12/28/12,career change,Voluntarily Terminated,Webster Butler,Needs Improvement,718,19,3.54,5,Search Engine - Google Bing Yahoo,No ,No,US Citizen,White,No,MA,2458,3/17/88,29,Male,Single
1109029186,Production Technician I,Production       ,22,Non Exempt,5/16/11,10/25/15,medical issues,Voluntarily Terminated,Amy Dunn,Fully Meets,1623,19,3.45,4,MBTA ads,No ,No,US Citizen,White,No,MA,2176,7/20/86,31,Female,Single
1102024274,Production Technician I,Production       ,19,Non Exempt,5/16/11,6/4/11,Another position,Voluntarily Terminated,Kissy Sullivan,N/A- too early to review,19,19,3.17,4,Social Networks - Facebook Twitter etc,No ,No,Eligible NonCitizen,Asian,No,MA,1742,10/15/84,33,Female,Divorced
1011022926,Production Technician I,Production       ,16,Non Exempt,9/24/12,6/18/13,unhappy,Voluntarily Terminated,Kissy Sullivan,Fully Meets,267,19,1.5,5,Billboard,No ,No,US Citizen,White,No,MA,2474,9/22/70,47,Female,Divorced
1208048229,Production Technician I,Production       ,21,Non Exempt,9/26/11,4/7/12,more money,Voluntarily Terminated,Michael Albert,Fully Meets,194,19,3.8,5,Pay Per Click - Google,No ,No,US Citizen,White,No,MA,2478,12/31/84,33,Male,Divorced
1211050793,Production Technician I,Production       ,20,Non Exempt,5/16/11,1/15/16,retiring,Voluntarily Terminated,Elijiah Gray,Fully Meets,1705,19,5,4,Professional Society,No ,No,US Citizen,White,Yes,MA,2176,7/22/82,35,Male,Divorced
1206038000,Production Technician I,Production       ,24,Non Exempt,1/10/11,1/26/16,attendance,Voluntarily Terminated,Amy Dunn,Fully Meets,1842,19,5,3,Glassdoor,No ,No,US Citizen,White,No,MA,1420,1/7/74,44,Male,Married
1405067492,Production Technician I,Production       ,18,Non Exempt,4/4/11,8/13/12,Another position,Voluntarily Terminated,Kissy Sullivan,Fully Meets,497,19,5,5,Search Engine - Google Bing Yahoo,No ,No,US Citizen,White,No,MA,2155,3/18/87,30,Male,Single
1308060535,Production Technician I,Production       ,21,Non Exempt,1/5/09,7/30/10,relocation out of area,Voluntarily Terminated,Michael Albert,Fully Meets,571,19,1.53,5,Word of Mouth,No ,No,US Citizen,White,No,MA,2148,12/21/74,43,Male,Single
1405067138,Production Technician I,Production       ,21,Non Exempt,5/13/13,6/29/15,unhappy,Voluntarily Terminated,David Stanley,Exceeds,777,19,1.97,4,MBTA ads,No ,No,US Citizen,White,No,MA,2359,3/26/73,44,Female,Divorced
1405067501,Production Technician I,Production       ,15,Non Exempt,4/27/09,4/1/13,Another position,Voluntarily Terminated,Webster Butler,Fully Meets,1435,19,2.52,5,Diversity Job Fair,No ,No,Non-Citizen,Two or more races,No,MA,1801,4/3/75,42,Female,Married
1404066739,Production Technician I,Production       ,20,Non Exempt,7/5/11,9/5/11,return to school,Voluntarily Terminated,Amy Dunn,N/A- too early to review,62,19,3.98,4,Billboard,No ,No,US Citizen,White,No,MA,2066,5/9/65,52,Female,Single
1103024504,Production Technician I,Production       ,20,Non Exempt,1/10/11,5/14/11,Another position,Voluntarily Terminated,Ketsia Liebig,90-day meets,124,19,2.81,5,Social Networks - Facebook Twitter etc,No ,No,US Citizen,White,No,MA,1876,7/30/83,34,Female,Divorced
1203032235,Production Technician I,Production       ,19,Non Exempt,8/13/12,2/5/16,maternity leave - did not return,Voluntarily Terminated,Kissy Sullivan,Exceeds,1271,19,3.84,5,Information Session,No ,No,US Citizen,White,No,MA,2171,1/31/87,30,Male,Divorced
1101023619,Production Technician I,Production       ,15,Non Exempt,8/13/12,9/1/15,career change,Voluntarily Terminated,Elijiah Gray,Needs Improvement,1114,19,1.27,3,Monster.com,No ,No,US Citizen,White,No,MA,1887,8/2/80,37,Female,Single
1307060212,Production Technician I,Production       ,23,Non Exempt,1/10/11,5/15/11,hours,Voluntarily Terminated,Webster Butler,90-day meets,125,19,5,5,Newspager/Magazine,No ,No,US Citizen,White,Yes,MA,2030,5/24/87,30,Male,Single
1101023839,Production Technician I,Production       ,21,Non Exempt,5/16/11,9/7/15,unhappy,Voluntarily Terminated,Amy Dunn,Fully Meets,1575,19,5,3,Website Banner Ads,No ,No,Eligible NonCitizen,White,No,MA,2324,9/9/65,52,Male,Married
1308060671,Production Technician I,Production       ,16,Non Exempt,1/9/12,6/27/15,relocation out of area,Voluntarily Terminated,Ketsia Liebig,Fully Meets,1265,19,1.44,4,Diversity Job Fair,No ,No,US Citizen,Two or more races,Yes,MA,2109,10/2/69,48,Female,Single
1001268402,Production Technician I,Production       ,22,Non Exempt,9/2/08,9/29/15,Another position,Voluntarily Terminated,Brannon Miller,PIP,2583,19,4.29,2,Search Engine - Google Bing Yahoo,No ,No,US Citizen,Asian,No,MA,2458,5/4/82,35,Female,Single
1008021030,Production Technician II,Production       ,26,Non Exempt,1/10/11,4/4/14,career change,Voluntarily Terminated,Elijiah Gray,90-day meets,1180,20,1.38,5,Search Engine - Google Bing Yahoo,No ,No,US Citizen,White,No,MA,2210,1/16/67,51,Female,Single
1012023226,Production Technician II,Production       ,25,Non Exempt,5/16/11,1/7/13,unhappy,Voluntarily Terminated,Brannon Miller,90-day meets,602,20,1.16,5,Word of Mouth,No ,No,US Citizen,White,No,MA,1752,8/31/81,36,Female,Married
1209048697,Production Technician II,Production       ,26,Non Exempt,8/30/10,9/26/11,career change,Voluntarily Terminated,David Stanley,Fully Meets,392,20,1.3,4,Other,No ,No,US Citizen,White,No,MA,2169,11/25/78,39,Male,Married
1104025179,Production Technician II,Production       ,29,Non Exempt,4/4/11,11/4/15,more money,Voluntarily Terminated,Kelley Spirea,Fully Meets,1675,20,4.62,5,Search Engine - Google Bing Yahoo,No ,No,US Citizen,Black or African American,No,MA,2343,2/25/51,66,Female,Separated
1012023204,Production Technician II,Production       ,24,Non Exempt,4/4/11,1/9/12,career change,Voluntarily Terminated,Ketsia Liebig,Fully Meets,280,20,3.66,3,Word of Mouth,No ,No,US Citizen,White,No,MA,2170,11/8/83,34,Female,Married
1011022932,Production Technician II,Production       ,24,Non Exempt,1/10/11,2/18/13,hours,Voluntarily Terminated,Kelley Spirea,Fully Meets,770,20,5,3,Monster.com,No ,No,US Citizen,White,No,MA,2021,8/27/72,45,Female,Single
1010022030,Production Technician II,Production       ,22,Non Exempt,1/7/13,3/31/14,Another position,Voluntarily Terminated,David Stanley,Fully Meets,448,20,4.52,3,Glassdoor,No ,No,US Citizen,Asian,No,MA,2090,7/25/79,38,Female,Divorced
1104025486,Production Technician II,Production       ,28,Non Exempt,4/2/12,4/15/13,more money,Voluntarily Terminated,Kissy Sullivan,Fully Meets,378,20,1.84,3,Word of Mouth,No ,No,US Citizen,White,No,MA,2126,5/9/84,33,Male,Married
1304055986,Production Technician II,Production       ,23,Non Exempt,7/5/11,8/19/11,Another position,Voluntarily Terminated,Amy Dunn,N/A- too early to review,45,20,5,4,Newspager/Magazine,No ,No,US Citizen,Two or more races,No,MA,2176,12/10/86,31,Female,Married
1202031821,Production Technician II,Production       ,28,Non Exempt,7/5/11,9/15/11,unhappy,Voluntarily Terminated,Amy Dunn,N/A- too early to review,72,20,1.03,5,Monster.com,No ,No,US Citizen,Asian,No,MA,2472,7/18/89,28,Female,Married
1411071406,Production Technician II,Production       ,29,Non Exempt,5/16/11,2/4/12,more money,Voluntarily Terminated,Ketsia Liebig,Exceeds,264,20,1.79,5,Pay Per Click - Google,No ,No,US Citizen,White,No,MA,1886,8/17/86,31,Female,Married
1402065340,Production Technician II,Production       ,26,Non Exempt,9/26/11,10/22/11,return to school,Voluntarily Terminated,David Stanley,N/A- too early to review,26,20,2.19,4,Search Engine - Google Bing Yahoo,No ,No,Eligible NonCitizen,White,No,MA,1902,9/5/81,36,Female,Divorced
1499902991,Production Technician II,Production       ,22,Non Exempt,7/5/11,2/8/12,Another position,Voluntarily Terminated,Kissy Sullivan,Fully Meets,218,20,2.48,5,Glassdoor,No ,No,US Citizen,White,No,MA,2138,7/3/72,45,Male,Married
1012023103,Production Technician II,Production       ,23,Non Exempt,10/26/09,4/8/15,maternity leave - did not return,Voluntarily Terminated,Michael Albert,Fully Meets,1990,20,4.68,4,Monster.com,No ,No,US Citizen,White,No,MA,1851,11/25/87,30,Female,Single
1011022777,Production Technician II,Production       ,23,Non Exempt,6/25/07,8/30/10,military,Voluntarily Terminated,Webster Butler,Fully Meets,1162,20,1.37,4,Pay Per Click - Google,No ,No,US Citizen,White,No,MA,2472,9/16/75,42,Male,widowed
1107027551,Production Technician II,Production       ,22,Non Exempt,1/10/11,7/2/12,unhappy,Voluntarily Terminated,Amy Dunn,Fully Meets,539,20,1.3,3,Vendor Referral,No ,No,US Citizen,White,No,MA,1778,3/15/85,32,Female,Single
1109029264,Sales Manager,Sales,60.25,Exempt,11/7/11,4/24/14,maternity leave - did not return,Voluntarily Terminated,Debra Houlihan,Fully Meets,899,21,1.9,5,Social Networks - Facebook Twitter etc,Bachelors,Brown University,US Citizen,White,No,PA,19444,11/11/89,28,Female,Single
1206043417,Shared Services Manager,Admin Offices,55,Exempt,2/21/11,8/15/15,career change,Voluntarily Terminated,Janet King,Fully Meets,1636,23,4.15,4,Diversity Job Fair,Bachelors,Boston College,Eligible NonCitizen,White,No,MA,2045,11/6/84,33,Male,Married
1111030266,Sr. DBA,IT/IS,58.5,Exempt,1/5/15,11/10/15,Another position,Voluntarily Terminated,Simon Roup,90-day meets,309,29,3.88,3,Vendor Referral,Bachelors,Cleveland State University,US Citizen,White,Yes,MA,2703,5/27/73,44,Female,Single
1307060199,Sr. DBA,IT/IS,62,Exempt,3/30/15,6/16/16,career change,Voluntarily Terminated,Simon Roup,Fully Meets,444,27,4.96,3,Company Intranet - Partner,Masters,Massachusetts Institute of Technology,US Citizen,White,No,MA,2148,5/5/75,42,Male,Married